scenario,seed,method,k,selected,latent_group_coverage,mean_subsample_jaccard
redundant_blocks,0,GSR-base,2,"3,0",1.0,0.38888888888888884
redundant_blocks,0,GSR-JGC,2,"3,2",1.0,0.6666666666666666
redundant_blocks,1,GSR-base,2,"3,2",1.0,0.3333333333333333
redundant_blocks,1,GSR-JGC,2,"1,0",1.0,0.38888888888888884
redundant_blocks,2,GSR-base,2,"2,3",1.0,0.38888888888888884
redundant_blocks,2,GSR-JGC,2,"2,1",1.0,0.3333333333333333
redundant_blocks,3,GSR-base,2,"1,0",1.0,0.3333333333333333
redundant_blocks,3,GSR-JGC,2,"1,2",1.0,0.6666666666666666
redundant_blocks,4,GSR-base,2,"3,0",1.0,0.2222222222222222
redundant_blocks,4,GSR-JGC,2,"0,3",1.0,0.4444444444444444
three_factor_blobs,0,GSR-base,3,"1,0,2",1.0,0.2333333333333333
three_factor_blobs,0,GSR-JGC,3,"1,0,2",1.0,0.2333333333333333
three_factor_blobs,1,GSR-base,3,"0,5,4",1.0,0.3333333333333333
three_factor_blobs,1,GSR-JGC,3,"0,5,4",1.0,0.4000000000000001
three_factor_blobs,2,GSR-base,3,"4,5,3",1.0,0.3333333333333333
three_factor_blobs,2,GSR-JGC,3,"1,5,0",1.0,0.26666666666666666
three_factor_blobs,3,GSR-base,3,"1,2,0",1.0,0.4666666666666666
three_factor_blobs,3,GSR-JGC,3,"4,2,0",1.0,0.4666666666666666
three_factor_blobs,4,GSR-base,3,"1,0,8",0.6666666666666666,0.31666666666666665
three_factor_blobs,4,GSR-JGC,3,"1,0,2",1.0,0.31666666666666665
nonlinear_moons,0,GSR-base,2,"1,2",1.0,0.3333333333333333
nonlinear_moons,0,GSR-JGC,2,"3,2",1.0,0.5
nonlinear_moons,1,GSR-base,2,"2,1",1.0,0.38888888888888884
nonlinear_moons,1,GSR-JGC,2,"2,1",1.0,0.38888888888888884
nonlinear_moons,2,GSR-base,2,"2,1",1.0,0.3333333333333333
nonlinear_moons,2,GSR-JGC,2,"2,3",1.0,0.3333333333333333
nonlinear_moons,3,GSR-base,2,"0,1",1.0,0.3333333333333333
nonlinear_moons,3,GSR-JGC,2,"0,1",1.0,0.3333333333333333
nonlinear_moons,4,GSR-base,2,"3,2",1.0,0.5555555555555555
nonlinear_moons,4,GSR-JGC,2,"3,2",1.0,0.5555555555555555
