dataset,panel_status,source,seed,fold,split_kind,method,implementation_source,n_samples,n_features,n_classes,k,selected,balanced_accuracy,macro_f1,accuracy,selector_fit_seconds,error
iris,development_reused,scikit-learn bundled dataset,0,0,stratified,GSR-FS,native_or_local,150,4,3,2,"3,0",0.9595588235294118,0.9595588235294118,0.96,0.0085681729997304,
iris,development_reused,scikit-learn bundled dataset,0,0,stratified,MaxVariance,native_or_local,150,4,3,2,"2,0",0.9607843137254902,0.9595588235294118,0.96,7.876699964981526e-05,
iris,development_reused,scikit-learn bundled dataset,0,0,stratified,LaplacianScore-dev,native_or_local,150,4,3,2,"2,3",0.9595588235294118,0.9595588235294118,0.96,0.0023656069997741,
iris,development_reused,scikit-learn bundled dataset,0,0,stratified,SPEC-dev,native_or_local,150,4,3,2,"1,0",0.7769607843137255,0.7769585253456222,0.78,0.0434230079999906,
iris,development_reused,scikit-learn bundled dataset,0,0,stratified,MCFS-eigengap-dev,native_or_local,150,4,3,2,"3,2",0.9595588235294118,0.9595588235294118,0.96,0.0251420670001607,
iris,development_reused,scikit-learn bundled dataset,0,1,stratified,GSR-FS,native_or_local,150,4,3,2,"2,3",0.9595588235294118,0.9595588235294118,0.96,0.0118292469996958,
iris,development_reused,scikit-learn bundled dataset,0,1,stratified,MaxVariance,native_or_local,150,4,3,2,"2,0",0.9387254901960784,0.9391705069124424,0.94,8.871899990481324e-05,
iris,development_reused,scikit-learn bundled dataset,0,1,stratified,LaplacianScore-dev,native_or_local,150,4,3,2,"2,3",0.9595588235294118,0.9595588235294118,0.96,0.002790692000417,
iris,development_reused,scikit-learn bundled dataset,0,1,stratified,SPEC-dev,native_or_local,150,4,3,2,"1,0",0.7965686274509803,0.7977067977067976,0.8,0.0028355350004858,
iris,development_reused,scikit-learn bundled dataset,0,1,stratified,MCFS-eigengap-dev,native_or_local,150,4,3,2,"0,2",0.9387254901960784,0.9391705069124424,0.94,0.0296809689998553,
iris,development_reused,scikit-learn bundled dataset,0,2,stratified,GSR-FS,native_or_local,150,4,3,2,"2,3",0.9607843137254902,0.9606481481481484,0.96,0.0247399870004301,
iris,development_reused,scikit-learn bundled dataset,0,2,stratified,MaxVariance,native_or_local,150,4,3,2,"2,0",0.8823529411764706,0.8799019607843137,0.88,7.175899918365758e-05,
iris,development_reused,scikit-learn bundled dataset,0,2,stratified,LaplacianScore-dev,native_or_local,150,4,3,2,"2,3",0.9607843137254902,0.9606481481481484,0.96,0.0026416420005261,
iris,development_reused,scikit-learn bundled dataset,0,2,stratified,SPEC-dev,native_or_local,150,4,3,2,"1,0",0.823529411764706,0.8233766233766234,0.82,0.0020869780000793,
iris,development_reused,scikit-learn bundled dataset,0,2,stratified,MCFS-eigengap-dev,native_or_local,150,4,3,2,"3,0",0.9411764705882352,0.940494227994228,0.94,0.0250135729993417,
wine,development_reused,scikit-learn bundled dataset,0,0,stratified,GSR-FS,native_or_local,178,13,3,4,"6,10,11,5",0.8055555555555555,0.7946649662575057,0.7833333333333333,0.0344527729994297,
wine,development_reused,scikit-learn bundled dataset,0,0,stratified,MaxVariance,native_or_local,178,13,3,4,"12,4,3,9",0.8666666666666667,0.8716735594154948,0.8666666666666667,0.0001046819998009,
wine,development_reused,scikit-learn bundled dataset,0,0,stratified,LaplacianScore-dev,native_or_local,178,13,3,4,"6,11,12,5",0.8972222222222221,0.8862433862433862,0.8833333333333333,0.003335256000355,
wine,development_reused,scikit-learn bundled dataset,0,0,stratified,SPEC-dev,native_or_local,178,13,3,4,"0,11,9,3",0.9347222222222222,0.9347222222222222,0.9333333333333332,0.0571932370003196,
wine,development_reused,scikit-learn bundled dataset,0,0,stratified,MCFS-eigengap-dev,native_or_local,178,13,3,4,"9,2,7,6",0.925,0.9211046636578551,0.9166666666666666,0.0328676199997062,
wine,development_reused,scikit-learn bundled dataset,0,1,stratified,GSR-FS,native_or_local,178,13,3,4,"6,11,10,5",0.8652173913043478,0.8601626016260163,0.847457627118644,0.0353225640001255,
wine,development_reused,scikit-learn bundled dataset,0,1,stratified,MaxVariance,native_or_local,178,13,3,4,"12,4,3,9",0.9293478260869564,0.9293478260869564,0.9322033898305084,8.756199986237334e-05,
wine,development_reused,scikit-learn bundled dataset,0,1,stratified,LaplacianScore-dev,native_or_local,178,13,3,4,"6,12,5,11",0.9710144927536232,0.9666173934466618,0.9661016949152542,0.0025500969995846,
wine,development_reused,scikit-learn bundled dataset,0,1,stratified,SPEC-dev,native_or_local,178,13,3,4,"7,8,2,0",0.821195652173913,0.8196279228537294,0.8305084745762712,0.0029837749998478,
wine,development_reused,scikit-learn bundled dataset,0,1,stratified,MCFS-eigengap-dev,native_or_local,178,13,3,4,"6,2,7,0",0.927536231884058,0.9189455530918944,0.9152542372881356,0.0153336899993519,
wine,development_reused,scikit-learn bundled dataset,0,2,stratified,GSR-FS,native_or_local,178,13,3,4,"6,5,7,8",0.83296783625731,0.8186024267903417,0.8135593220338984,0.0499967619998642,
wine,development_reused,scikit-learn bundled dataset,0,2,stratified,MaxVariance,native_or_local,178,13,3,4,"12,4,3,9",0.9130116959064326,0.9153107188821474,0.9152542372881356,0.0001026390000333,
wine,development_reused,scikit-learn bundled dataset,0,2,stratified,LaplacianScore-dev,native_or_local,178,13,3,4,"6,11,12,5",0.9583333333333334,0.9496229260935142,0.9491525423728814,0.0033883699998114,
wine,development_reused,scikit-learn bundled dataset,0,2,stratified,SPEC-dev,native_or_local,178,13,3,4,"5,0,10,1",0.8640350877192983,0.8648388648388649,0.864406779661017,0.0043141790001755,
wine,development_reused,scikit-learn bundled dataset,0,2,stratified,MCFS-eigengap-dev,native_or_local,178,13,3,4,"6,9,0,2",0.9510233918128655,0.9509723081151652,0.9491525423728814,0.0424336609994497,
breast_cancer,development_reused,scikit-learn bundled dataset,0,0,stratified,GSR-FS,native_or_local,569,30,2,6,"2,27,13,8,15,26",0.9227719256716772,0.916790750635018,0.9210526315789472,0.1532282890002534,
breast_cancer,development_reused,scikit-learn bundled dataset,0,0,stratified,MaxVariance,native_or_local,569,30,2,6,"23,3,13,22,2,21",0.9578648360752752,0.9552730696798492,0.9578947368421052,0.0002003590007007,
breast_cancer,development_reused,scikit-learn bundled dataset,0,0,stratified,LaplacianScore-dev,native_or_local,569,30,2,6,"23,22,20,3,7,2",0.9311752870162148,0.9275128393250184,0.9315789473684212,0.0953960169999845,
breast_cancer,development_reused,scikit-learn bundled dataset,0,0,stratified,SPEC-dev,native_or_local,569,30,2,6,"9,4,29,19,5,8",0.8861995502426323,0.882905355832722,0.8894736842105263,0.1076797509995231,
breast_cancer,development_reused,scikit-learn bundled dataset,0,0,stratified,MCFS-eigengap-dev,native_or_local,569,30,2,6,"13,20,29,1,4,27",0.962066516747544,0.960756543035024,0.963157894736842,0.1387395229994581,
breast_cancer,development_reused,scikit-learn bundled dataset,0,1,stratified,GSR-FS,native_or_local,569,30,2,6,"27,17,23,8,26,15",0.9592259438986862,0.960532953500104,0.963157894736842,0.1598761790000935,
breast_cancer,development_reused,scikit-learn bundled dataset,0,1,stratified,MaxVariance,native_or_local,569,30,2,6,"23,3,13,22,2,21",0.938099183335306,0.9431069589172356,0.9473684210526316,0.0001730060002955,
breast_cancer,development_reused,scikit-learn bundled dataset,0,1,stratified,LaplacianScore-dev,native_or_local,569,30,2,6,"23,22,20,3,7,2",0.9451414368564328,0.9489537001104512,0.9526315789473684,0.0624436729995068,
breast_cancer,development_reused,scikit-learn bundled dataset,0,1,stratified,SPEC-dev,native_or_local,569,30,2,6,"18,14,28,11,26,19",0.903006272931708,0.9041514585002522,0.9105263157894736,0.1425076059995262,
breast_cancer,development_reused,scikit-learn bundled dataset,0,1,stratified,MCFS-eigengap-dev,native_or_local,569,30,2,6,"20,13,25,4,29,27",0.9563853710498283,0.9602973223081286,0.963157894736842,0.1203396979999524,
breast_cancer,development_reused,scikit-learn bundled dataset,0,2,stratified,GSR-FS,native_or_local,569,30,2,6,"26,3,7,16,27,5",0.9521008403361344,0.9442017005196032,0.9470899470899472,0.1513147969999408,
breast_cancer,development_reused,scikit-learn bundled dataset,0,2,stratified,MaxVariance,native_or_local,569,30,2,6,"23,3,13,22,2,21",0.9247899159663866,0.9260407573522772,0.9312169312169312,0.0001668040004005,
breast_cancer,development_reused,scikit-learn bundled dataset,0,2,stratified,LaplacianScore-dev,native_or_local,569,30,2,6,"23,22,20,7,3,6",0.9407563025210084,0.9330420406235238,0.9365079365079364,0.0534411779999572,
breast_cancer,development_reused,scikit-learn bundled dataset,0,2,stratified,SPEC-dev,native_or_local,569,30,2,6,"9,29,4,19,5,8",0.915546218487395,0.9009664648346528,0.9047619047619048,0.1565967629994702,
breast_cancer,development_reused,scikit-learn bundled dataset,0,2,stratified,MCFS-eigengap-dev,native_or_local,569,30,2,6,"13,20,27,21,14,23",0.9647058823529412,0.9606308585031988,0.9629629629629628,0.1241527390002374,
digits,development_reused,scikit-learn bundled dataset,0,0,stratified,GSR-FS,native_or_local,1797,64,10,8,"58,14,13,10,5,27,34,43",0.7324179928651956,0.7325328672114612,0.7328881469115192,0.7348620060001849,
digits,development_reused,scikit-learn bundled dataset,0,0,stratified,MaxVariance,native_or_local,1797,64,10,8,"42,43,34,44,20,35,26,21",0.802452980233973,0.8024876454212796,0.8030050083472454,0.0015086949997566,
digits,development_reused,scikit-learn bundled dataset,0,0,stratified,LaplacianScore-dev,native_or_local,1797,64,10,8,"0,16,39,32,56,24,8,63",0.1322053380089616,0.0675557891399893,0.1302170283806344,0.1180107300006056,
digits,development_reused,scikit-learn bundled dataset,0,0,stratified,SPEC-dev,native_or_local,1797,64,10,8,"60,51,36,28,4,42,52,43",0.7256251896280257,0.7266526385805812,0.7262103505843072,1.9906062579993888,
digits,development_reused,scikit-learn bundled dataset,0,0,stratified,MCFS-eigengap-dev,native_or_local,1797,64,10,8,"8,63,28,21,60,34,52,5",0.7020646859121147,0.6973837568160363,0.7028380634390651,0.1818506680001519,
digits,development_reused,scikit-learn bundled dataset,0,1,stratified,GSR-FS,native_or_local,1797,64,10,8,"34,10,22,2,5,45,19,41",0.6908445992341423,0.6762680006254171,0.6928213689482471,0.4508166069999788,
digits,development_reused,scikit-learn bundled dataset,0,1,stratified,MaxVariance,native_or_local,1797,64,10,8,"42,43,35,34,44,21,26,28",0.8163833184824648,0.813687701883912,0.8163606010016694,0.0003572059995349,
digits,development_reused,scikit-learn bundled dataset,0,1,stratified,LaplacianScore-dev,native_or_local,1797,64,10,8,"0,32,39,56,24,31,63,15",0.1319500787255719,0.0682412439182273,0.1302170283806344,0.0595503670001562,
digits,development_reused,scikit-learn bundled dataset,0,1,stratified,SPEC-dev,native_or_local,1797,64,10,8,"61,59,44,50,26,34,2,58",0.7192005601811486,0.7119664727780821,0.7195325542570952,1.7521123670003362,
digits,development_reused,scikit-learn bundled dataset,0,1,stratified,MCFS-eigengap-dev,native_or_local,1797,64,10,8,"31,60,28,63,21,59,54,37",0.7250879554665568,0.7216679196440804,0.7245409015025042,0.1860474949999115,
digits,development_reused,scikit-learn bundled dataset,0,2,stratified,GSR-FS,native_or_local,1797,64,10,8,"61,58,5,44,37,3,43,28",0.7341410449262726,0.7288224220495325,0.7345575959933222,0.2873513859995,
digits,development_reused,scikit-learn bundled dataset,0,2,stratified,MaxVariance,native_or_local,1797,64,10,8,"42,43,34,44,35,21,26,28",0.760267730819225,0.7554376434372065,0.7595993322203672,0.0003395880003154,
digits,development_reused,scikit-learn bundled dataset,0,2,stratified,LaplacianScore-dev,native_or_local,1797,64,10,8,"0,32,39,56,63,28,8,42",0.3673995171072424,0.3345006571232522,0.3656093489148581,0.1011514309993799,
digits,development_reused,scikit-learn bundled dataset,0,2,stratified,SPEC-dev,native_or_local,1797,64,10,8,"29,43,4,3,59,12,60,51",0.5869408488309333,0.5785982900515647,0.5876460767946577,1.68893941099941,
digits,development_reused,scikit-learn bundled dataset,0,2,stratified,MCFS-eigengap-dev,native_or_local,1797,64,10,8,"60,21,28,13,62,36,42,58",0.7715293200857198,0.7692247832557874,0.7712854757929883,0.1200229839996609,
anes96,offline_extension,statsmodels.datasets.anes96,0,0,stratified,GSR-FS,native_or_local,944,5,7,3,"3,4,2",0.16766249052266,0.1598039022461967,0.2063492063492063,0.0205251280003722,
anes96,offline_extension,statsmodels.datasets.anes96,0,0,stratified,MaxVariance,native_or_local,944,5,7,3,"2,4,0",0.202007270036931,0.1881161514317215,0.2412698412698412,0.0001823570000851,
anes96,offline_extension,statsmodels.datasets.anes96,0,0,stratified,LaplacianScore-dev,native_or_local,944,5,7,3,"0,3,1",0.2768008780296916,0.2411194040628233,0.3365079365079365,0.0082624699998632,
anes96,offline_extension,statsmodels.datasets.anes96,0,0,stratified,SPEC-dev,native_or_local,944,5,7,3,"1,3,0",0.2768008780296916,0.2411194040628233,0.3365079365079365,0.2169423139994251,
anes96,offline_extension,statsmodels.datasets.anes96,0,0,stratified,MCFS-eigengap-dev,native_or_local,944,5,7,3,"0,3,2",0.1845724191063174,0.1617728496567625,0.2412698412698412,0.0847630309999658,
anes96,offline_extension,statsmodels.datasets.anes96,0,1,stratified,GSR-FS,native_or_local,944,5,7,3,"3,4,2",0.177432970462871,0.1468418440313302,0.165079365079365,0.0204618120005761,
anes96,offline_extension,statsmodels.datasets.anes96,0,1,stratified,MaxVariance,native_or_local,944,5,7,3,"2,4,0",0.1794474126695666,0.1684660407509343,0.1904761904761904,0.0001116100002036,
anes96,offline_extension,statsmodels.datasets.anes96,0,1,stratified,LaplacianScore-dev,native_or_local,944,5,7,3,"0,3,1",0.2865205902589064,0.2423633242819889,0.3142857142857143,0.0055439160005335,
anes96,offline_extension,statsmodels.datasets.anes96,0,1,stratified,SPEC-dev,native_or_local,944,5,7,3,"1,3,0",0.2865205902589064,0.2423633242819889,0.3142857142857143,0.1314046769994092,
anes96,offline_extension,statsmodels.datasets.anes96,0,1,stratified,MCFS-eigengap-dev,native_or_local,944,5,7,3,"0,3,2",0.1680057198311311,0.1418518894721779,0.165079365079365,0.08727455799999,
anes96,offline_extension,statsmodels.datasets.anes96,0,2,stratified,GSR-FS,native_or_local,944,5,7,3,"3,4,2",0.1618885866235326,0.1414570915908027,0.1751592356687898,0.0513336859994524,
anes96,offline_extension,statsmodels.datasets.anes96,0,2,stratified,MaxVariance,native_or_local,944,5,7,3,"2,4,0",0.1634919554460337,0.1504488773856464,0.2006369426751592,0.0001435699996363,
anes96,offline_extension,statsmodels.datasets.anes96,0,2,stratified,LaplacianScore-dev,native_or_local,944,5,7,3,"0,3,1",0.2759140812701153,0.239481591243188,0.3152866242038216,0.0082385650002834,
anes96,offline_extension,statsmodels.datasets.anes96,0,2,stratified,SPEC-dev,native_or_local,944,5,7,3,"1,3,0",0.2759140812701153,0.239481591243188,0.3152866242038216,0.1684711280004194,
anes96,offline_extension,statsmodels.datasets.anes96,0,2,stratified,MCFS-eigengap-dev,native_or_local,944,5,7,3,"0,2,3",0.1659812331952188,0.1359208402654307,0.1656050955414012,0.0622243059997345,
modechoice,offline_extension,statsmodels.datasets.modechoice,0,0,stratified_group,GSR-FS,native_or_local,840,6,2,3,"3,0,2",0.7571428571428571,0.7069597069597069,0.7428571428571429,0.0326196710002477,
modechoice,offline_extension,statsmodels.datasets.modechoice,0,0,stratified_group,MaxVariance,native_or_local,840,6,2,3,"2,3,1",0.55,0.4718973972086004,0.4821428571428571,0.0001410660006513,
modechoice,offline_extension,statsmodels.datasets.modechoice,0,0,stratified_group,LaplacianScore-dev,native_or_local,840,6,2,3,"0,5,2",0.6976190476190476,0.6550274673508139,0.6964285714285714,0.0074388510001881,
modechoice,offline_extension,statsmodels.datasets.modechoice,0,0,stratified_group,SPEC-dev,native_or_local,840,6,2,3,"5,1,3",0.55,0.4718973972086004,0.4821428571428571,0.1525791680005568,
modechoice,offline_extension,statsmodels.datasets.modechoice,0,0,stratified_group,MCFS-eigengap-dev,native_or_local,840,6,2,3,"0,5,2",0.6976190476190476,0.6550274673508139,0.6964285714285714,0.1251311739997618,
modechoice,offline_extension,statsmodels.datasets.modechoice,0,1,stratified_group,GSR-FS,native_or_local,840,6,2,3,"3,2,1",0.5190476190476191,0.4921591606674479,0.5357142857142857,0.0214873619997888,
modechoice,offline_extension,statsmodels.datasets.modechoice,0,1,stratified_group,MaxVariance,native_or_local,840,6,2,3,"2,3,1",0.5190476190476191,0.4921591606674479,0.5357142857142857,0.0001042540006892,
modechoice,offline_extension,statsmodels.datasets.modechoice,0,1,stratified_group,LaplacianScore-dev,native_or_local,840,6,2,3,"0,2,5",0.6476190476190476,0.6292190194629219,0.6928571428571428,0.0054184969994821,
modechoice,offline_extension,statsmodels.datasets.modechoice,0,1,stratified_group,SPEC-dev,native_or_local,840,6,2,3,"5,1,3",0.4928571428571428,0.4652009618687736,0.5035714285714286,0.2109024490000592,
modechoice,offline_extension,statsmodels.datasets.modechoice,0,1,stratified_group,MCFS-eigengap-dev,native_or_local,840,6,2,3,"0,2,3",0.6666666666666666,0.6428571428571428,0.7,0.1186220079998747,
modechoice,offline_extension,statsmodels.datasets.modechoice,0,2,stratified_group,GSR-FS,native_or_local,840,6,2,3,"2,0,1",0.7047619047619047,0.6727403500359626,0.7214285714285714,0.0308387949999087,
modechoice,offline_extension,statsmodels.datasets.modechoice,0,2,stratified_group,MaxVariance,native_or_local,840,6,2,3,"2,3,1",0.5142857142857143,0.4407553434322473,0.45,0.0001055840002663,
modechoice,offline_extension,statsmodels.datasets.modechoice,0,2,stratified_group,LaplacianScore-dev,native_or_local,840,6,2,3,"0,2,3",0.7,0.6664879995235543,0.7142857142857143,0.0057104879997496,
modechoice,offline_extension,statsmodels.datasets.modechoice,0,2,stratified_group,SPEC-dev,native_or_local,840,6,2,3,"5,1,3",0.5047619047619047,0.4480656013456686,0.4642857142857143,0.1977588129993819,
modechoice,offline_extension,statsmodels.datasets.modechoice,0,2,stratified_group,MCFS-eigengap-dev,native_or_local,840,6,2,3,"0,2,3",0.7,0.6664879995235543,0.7142857142857143,0.0680567089993928,
spector,offline_extension,statsmodels.datasets.spector,0,0,stratified,GSR-FS,native_or_local,32,3,2,2,"2,0",0.8571428571428572,0.8166666666666667,0.8181818181818182,0.0023630420000699,
spector,offline_extension,statsmodels.datasets.spector,0,0,stratified,MaxVariance,native_or_local,32,3,2,2,"1,2",0.6785714285714286,0.6857142857142857,0.7272727272727273,6.896600007166853e-05,
spector,offline_extension,statsmodels.datasets.spector,0,0,stratified,LaplacianScore-dev,native_or_local,32,3,2,2,"2,1",0.6785714285714286,0.6857142857142857,0.7272727272727273,0.0018418959998598,
spector,offline_extension,statsmodels.datasets.spector,0,0,stratified,SPEC-dev,native_or_local,32,3,2,2,"2,0",0.8571428571428572,0.8166666666666667,0.8181818181818182,0.00058474799971,
spector,offline_extension,statsmodels.datasets.spector,0,0,stratified,MCFS-eigengap-dev,native_or_local,32,3,2,2,"2,1",0.6785714285714286,0.6857142857142857,0.7272727272727273,0.0084053729997322,
spector,offline_extension,statsmodels.datasets.spector,0,1,stratified,GSR-FS,native_or_local,32,3,2,2,"0,1",0.625,0.611764705882353,0.7272727272727273,0.0021414319999166,
spector,offline_extension,statsmodels.datasets.spector,0,1,stratified,MaxVariance,native_or_local,32,3,2,2,"1,0",0.625,0.611764705882353,0.7272727272727273,6.691100043099141e-05,
spector,offline_extension,statsmodels.datasets.spector,0,1,stratified,LaplacianScore-dev,native_or_local,32,3,2,2,"2,0",0.6071428571428572,0.6071428571428572,0.6363636363636364,0.0018609749995448,
spector,offline_extension,statsmodels.datasets.spector,0,1,stratified,SPEC-dev,native_or_local,32,3,2,2,"2,0",0.6071428571428572,0.6071428571428572,0.6363636363636364,0.0005933160000495,
spector,offline_extension,statsmodels.datasets.spector,0,1,stratified,MCFS-eigengap-dev,native_or_local,32,3,2,2,"2,0",0.6071428571428572,0.6071428571428572,0.6363636363636364,0.0083732829998552,
spector,offline_extension,statsmodels.datasets.spector,0,2,stratified,GSR-FS,native_or_local,32,3,2,2,"0,1",0.6190476190476191,0.5833333333333333,0.6,0.0021452749997479,
spector,offline_extension,statsmodels.datasets.spector,0,2,stratified,MaxVariance,native_or_local,32,3,2,2,"1,2",0.7142857142857143,0.6,0.6,6.581500019819941e-05,
spector,offline_extension,statsmodels.datasets.spector,0,2,stratified,LaplacianScore-dev,native_or_local,32,3,2,2,"2,0",0.8333333333333333,0.8666666666666667,0.9,0.0018092250002155,
spector,offline_extension,statsmodels.datasets.spector,0,2,stratified,SPEC-dev,native_or_local,32,3,2,2,"2,0",0.8333333333333333,0.8666666666666667,0.9,0.0006216379997567,
spector,offline_extension,statsmodels.datasets.spector,0,2,stratified,MCFS-eigengap-dev,native_or_local,32,3,2,2,"2,1",0.7142857142857143,0.6,0.6,0.0109359930002028,
