dataset,panel_status,method,balanced_accuracy,macro_f1,accuracy,selector_fit_seconds
anes96,offline_extension,GSR-FS,0.16899468253635452,0.14936761262277654,0.18219593569912038,0.030773542000133564
anes96,offline_extension,LaplacianScore-dev,0.2797451831862378,0.24098810652933342,0.3220267583324908,0.007348317000226701
anes96,offline_extension,MCFS-eigengap-dev,0.17285312404422246,0.14651519313145703,0.1906514339635358,0.0780872983332301
anes96,offline_extension,MaxVariance,0.1816488793841771,0.1690103565227674,0.21079432480706362,0.00014584566664166667
anes96,offline_extension,SPEC-dev,0.2797451831862378,0.24098810652933342,0.3220267583324908,0.17227270633308456
breast_cancer,development_reused,GSR-FS,0.9446995699688326,0.9405084682182417,0.9437668244685788,0.15480642166676256
breast_cancer,development_reused,LaplacianScore-dev,0.9390243421312187,0.9365028600196644,0.9402394876079087,0.07042695599981617
breast_cancer,development_reused,MCFS-eigengap-dev,0.9610525900501045,0.9605615746154506,0.9630929174788823,0.1277439866665493
breast_cancer,development_reused,MaxVariance,0.9402513117923226,0.941473595316454,0.9454933630372228,0.0001800563337989
breast_cancer,development_reused,SPEC-dev,0.9015840138872452,0.8960077597225423,0.9015873015873016,0.13559470666617315
digits,development_reused,GSR-FS,0.7191345456752035,0.7125410966288036,0.7200890372843628,0.4910099996665546
digits,development_reused,LaplacianScore-dev,0.21051831128059195,0.15676589672715627,0.2086811352253756,0.09290417600004723
digits,development_reused,MCFS-eigengap-dev,0.7328939871547971,0.729425486571968,0.7328881469115193,0.16264038233324143
digits,development_reused,MaxVariance,0.7930346765118875,0.7905376635807994,0.7929883138564273,0.0007351629998689667
digits,development_reused,SPEC-dev,0.6772555328800358,0.672405800470076,0.67779632721202,1.8105526786663784
iris,development_reused,GSR-FS,0.9599673202614379,0.9599219317356574,0.96,0.015045802333285433
iris,development_reused,LaplacianScore-dev,0.9599673202614379,0.9599219317356574,0.96,0.002599313666905733
iris,development_reused,MCFS-eigengap-dev,0.9464869281045751,0.9464078528120274,0.9466666666666667,0.026612202999785898
iris,development_reused,MaxVariance,0.9272875816993463,0.9262104304087226,0.9266666666666666,7.974833291276202e-05
iris,development_reused,SPEC-dev,0.7990196078431372,0.7993473154763477,0.7999999999999999,0.0161151736668519
modechoice,offline_extension,GSR-FS,0.6603174603174603,0.6239530725543725,0.6666666666666666,0.028315275999981734
modechoice,offline_extension,LaplacianScore-dev,0.6817460317460317,0.6502448287790967,0.7011904761904763,0.0061892786664732675
modechoice,offline_extension,MCFS-eigengap-dev,0.688095238095238,0.6547908699105037,0.7035714285714286,0.10393663033300977
modechoice,offline_extension,MaxVariance,0.5277777777777778,0.46827063376943184,0.48928571428571427,0.0001169680005356
modechoice,offline_extension,SPEC-dev,0.5158730158730159,0.4617213201410142,0.48333333333333334,0.18708014333333264
spector,offline_extension,GSR-FS,0.7003968253968255,0.6705882352941176,0.7151515151515152,0.0022165829999114665
spector,offline_extension,LaplacianScore-dev,0.7063492063492064,0.71984126984127,0.7545454545454545,0.0018373653332067
spector,offline_extension,MCFS-eigengap-dev,0.6666666666666666,0.6309523809523809,0.6545454545454545,0.009238216333263398
spector,offline_extension,MaxVariance,0.6726190476190476,0.6324929971988795,0.6848484848484849,6.723066690028645e-05
spector,offline_extension,SPEC-dev,0.7658730158730158,0.7634920634920634,0.7848484848484848,0.0005999006665054
wine,development_reused,GSR-FS,0.8345802610390711,0.8244766648912879,0.8147834274952919,0.039924032999806465
wine,development_reused,LaplacianScore-dev,0.9421900161030595,0.9341612352611873,0.9328625235404896,0.0030912409999169998
wine,development_reused,MCFS-eigengap-dev,0.9345198745656411,0.9303408416216383,0.9270244821092278,0.0302116569995026
wine,development_reused,MaxVariance,0.9030087295533519,0.9054440347948662,0.9047080979284369,9.829433323219111e-05
wine,development_reused,SPEC-dev,0.8733176540384778,0.8730630033049388,0.8760828625235405,0.021497063666780964
