dataset,panel_status,source,seed,method,n_samples,n_features,n_classes,k,selected,ari,nmi,silhouette,knn_preservation,geometry_redundancy,normalized_effective_rank,fit_seconds,error
anes96,offline_extension,statsmodels.datasets.anes96,0,GSR-FS,944,5,7,2,"4,3",0.004556801933204509,0.0219683226976402,0.4304751752434548,0.0891949152542373,0.4401187498428067,0.9312894693113684,0.1613444710001204,
anes96,offline_extension,statsmodels.datasets.anes96,0,MaxVariance,944,5,7,2,"2,4",0.005842724329788352,0.02261438264290822,0.3785182484926909,0.10307203389830509,0.39692407582508227,0.9969205633060851,0.00012759800029016333,
anes96,offline_extension,statsmodels.datasets.anes96,0,LaplacianScore,944,5,7,2,"0,1",0.07804300169048696,0.12690005876465152,0.4567488844621005,0.09851694915254237,0.40820154777049766,0.9932174151121381,0.015121646999432414,
anes96,offline_extension,statsmodels.datasets.anes96,0,SPEC,944,5,7,2,"1,3",0.10126686535089853,0.145463327173757,0.4614062793483776,0.09533898305084745,0.4002912631616646,0.9944012518681664,0.46614149099968927,
anes96,offline_extension,statsmodels.datasets.anes96,0,MCFS,944,5,7,2,"0,1",0.07804300169048696,0.12690005876465152,0.4567488844621005,0.09851694915254237,0.40820154777049766,0.9932174151121381,0.10122677700019267,
anes96,offline_extension,statsmodels.datasets.anes96,1,GSR-FS,944,5,7,2,"3,4",0.004271756054968429,0.019961901319007436,0.43351495400152473,0.0891949152542373,0.4400019527659769,0.9312894693113682,0.09566760400048224,
anes96,offline_extension,statsmodels.datasets.anes96,1,MaxVariance,944,5,7,2,"2,4",0.00608937067886462,0.02274995178967826,0.37753298871064744,0.10307203389830509,0.39932239506441,0.9969205633060851,0.00010326900064683286,
anes96,offline_extension,statsmodels.datasets.anes96,1,LaplacianScore,944,5,7,2,"0,1",0.07804300169048696,0.12690005876465152,0.4567488844621005,0.09851694915254237,0.39484140115649224,0.9932174151121381,0.008892566999747942,
anes96,offline_extension,statsmodels.datasets.anes96,1,SPEC,944,5,7,2,"1,3",0.09009830810287983,0.14041895010079034,0.48924621659144846,0.09533898305084745,0.39125868691620513,0.9944012518681664,0.3751071829992725,
anes96,offline_extension,statsmodels.datasets.anes96,1,MCFS,944,5,7,2,"0,1",0.07804300169048696,0.12690005876465152,0.4567488844621005,0.09851694915254237,0.39484140115649224,0.9932174151121381,0.07351306400050817,
modechoice,offline_extension,statsmodels.datasets.modechoice,0,GSR-FS,840,6,2,2,"2,3",-0.010240747495189202,0.0018482577863412647,0.6015912697798671,0.18571428571428572,0.6843218298272005,0.7514504000885406,0.24450185199930274,
modechoice,offline_extension,statsmodels.datasets.modechoice,0,MaxVariance,840,6,2,2,"2,3",-0.010240747495189202,0.0018482577863412647,0.6015912697798671,0.18571428571428572,0.6843218298272005,0.7514504000885406,9.260299975721864e-05,
modechoice,offline_extension,statsmodels.datasets.modechoice,0,LaplacianScore,840,6,2,2,"5,0",0.00908563986494202,0.03547807397795828,0.4349121941056962,0.1322619047619048,0.33657930690352295,0.994859460994037,0.03228961199965852,
modechoice,offline_extension,statsmodels.datasets.modechoice,0,SPEC,840,6,2,2,"5,1",-0.0005903530921474398,0.0,0.4677839632682518,0.2067857142857143,0.26541093939435656,0.9922582112713806,0.3201217200003157,
modechoice,offline_extension,statsmodels.datasets.modechoice,0,MCFS,840,6,2,2,"2,0",-0.0025559249014138166,0.007355261632644669,0.42310474393959796,0.1732142857142857,0.47875919735863637,0.9453336474794973,0.4446581940001124,
modechoice,offline_extension,statsmodels.datasets.modechoice,0,GSR-FS,840,6,2,3,"2,3,1",-0.009433920323186134,0.0013421324398621142,0.4658203858832392,0.250952380952381,0.5083495935442582,0.6835279315344717,0.24450185199930274,
modechoice,offline_extension,statsmodels.datasets.modechoice,0,MaxVariance,840,6,2,3,"2,3,1",-0.009433920323186134,0.0013421324398621142,0.4658203858832392,0.250952380952381,0.5083495935442582,0.6835279315344717,9.260299975721864e-05,
modechoice,offline_extension,statsmodels.datasets.modechoice,0,LaplacianScore,840,6,2,3,"5,0,2",-0.005715571360983966,0.0007137088344415509,0.3258823575597511,0.30083333333333334,0.3820372926064457,0.9592747119972875,0.03228961199965852,
modechoice,offline_extension,statsmodels.datasets.modechoice,0,SPEC,840,6,2,3,"5,1,3",-0.009174753332277758,0.003423041893144238,0.3584325076212846,0.32892857142857146,0.3451696450336487,0.8970024237682014,0.3201217200003157,
modechoice,offline_extension,statsmodels.datasets.modechoice,0,MCFS,840,6,2,3,"2,0,5",-0.005715571360983966,0.0007137088344415509,0.32588235755909944,0.30083333333333334,0.3820372926064457,0.9592747119972875,0.4446581940001124,
modechoice,offline_extension,statsmodels.datasets.modechoice,0,GSR-FS,840,6,2,5,"2,3,1,0,4",-0.008925998449212196,0.0012395866627201275,0.2880076951469989,0.6572619047619046,0.4430928348874,0.7217357687747004,0.24450185199930274,
modechoice,offline_extension,statsmodels.datasets.modechoice,0,MaxVariance,840,6,2,5,"2,3,1,0,4",-0.008925998449212196,0.0012395866627201275,0.2880076951469989,0.6572619047619046,0.4430928348874,0.7217357687747004,9.260299975721864e-05,
modechoice,offline_extension,statsmodels.datasets.modechoice,0,LaplacianScore,840,6,2,5,"5,0,2,3,1",-0.008433692175857307,0.0011419708210405114,0.2984090116899883,0.42452380952380947,0.41380170996428767,0.7123104031472505,0.03228961199965852,
modechoice,offline_extension,statsmodels.datasets.modechoice,0,SPEC,840,6,2,5,"5,1,3,4,2",-0.01077849304798857,0.001975152269590578,0.28953478669675087,0.6950000000000001,0.3901818755847826,0.779216203694763,0.3201217200003157,
modechoice,offline_extension,statsmodels.datasets.modechoice,0,MCFS,840,6,2,5,"2,0,5,1,4",0.007939939868849683,0.0003801613412634125,0.2882068573504769,0.8848809523809523,0.38077418988625283,0.8937348590416606,0.4446581940001124,
modechoice,offline_extension,statsmodels.datasets.modechoice,1,GSR-FS,840,6,2,2,"3,2",-0.010240747495189202,0.0018482577863412647,0.6015912697799264,0.18571428571428572,0.6795672218993671,0.7514504000885405,0.21520572999997967,
modechoice,offline_extension,statsmodels.datasets.modechoice,1,MaxVariance,840,6,2,2,"2,3",-0.010240747495189202,0.0018482577863412647,0.6015912697798671,0.18571428571428572,0.6795672218993671,0.7514504000885406,0.00011325400009809528,
modechoice,offline_extension,statsmodels.datasets.modechoice,1,LaplacianScore,840,6,2,2,"5,0",0.00908563986494202,0.03547807397795828,0.4349121941056962,0.1322619047619048,0.33794825471883455,0.994859460994037,0.01072558800024126,
modechoice,offline_extension,statsmodels.datasets.modechoice,1,SPEC,840,6,2,2,"5,1",-0.0005903530921474398,0.0,0.4677839632682518,0.2067857142857143,0.25954111278626907,0.9922582112713806,0.3680245499999728,
modechoice,offline_extension,statsmodels.datasets.modechoice,1,MCFS,840,6,2,2,"2,0",-0.0025559249014138166,0.007355261632644669,0.42310474393959796,0.1732142857142857,0.4688678970793195,0.9453336474794973,0.4215518000000884,
modechoice,offline_extension,statsmodels.datasets.modechoice,1,GSR-FS,840,6,2,3,"3,2,0",-0.00966891131836105,0.0028872576805130975,0.43898603450100443,0.28190476190476194,0.5074666325331284,0.762622397224832,0.21520572999997967,
modechoice,offline_extension,statsmodels.datasets.modechoice,1,MaxVariance,840,6,2,3,"2,3,1",-0.009433920323186134,0.0013421324398621142,0.4658203858832392,0.250952380952381,0.509945205458462,0.6835279315344717,0.00011325400009809528,
modechoice,offline_extension,statsmodels.datasets.modechoice,1,LaplacianScore,840,6,2,3,"5,0,2",-0.007133141376762132,0.001273396868961119,0.32642184684948927,0.30083333333333334,0.3821001062483765,0.9592747119972875,0.01072558800024126,
modechoice,offline_extension,statsmodels.datasets.modechoice,1,SPEC,840,6,2,3,"5,1,3",-0.009174753332277758,0.003423041893144238,0.3584325076212846,0.32892857142857146,0.34670628866925174,0.8970024237682014,0.3680245499999728,
modechoice,offline_extension,statsmodels.datasets.modechoice,1,MCFS,840,6,2,3,"2,0,5",-0.007133141376762132,0.001273396868961119,0.3264218468488379,0.30083333333333334,0.3821001062483765,0.9592747119972875,0.4215518000000884,
modechoice,offline_extension,statsmodels.datasets.modechoice,1,GSR-FS,840,6,2,5,"3,2,0,1,4",-0.008925998449212196,0.0012395866627201275,0.2880076951470218,0.6572619047619046,0.4458794319183775,0.7217357687747004,0.21520572999997967,
modechoice,offline_extension,statsmodels.datasets.modechoice,1,MaxVariance,840,6,2,5,"2,3,1,0,4",-0.008925998449212196,0.0012395866627201275,0.2880076951469989,0.6572619047619046,0.4458794319183775,0.7217357687747004,0.00011325400009809528,
modechoice,offline_extension,statsmodels.datasets.modechoice,1,LaplacianScore,840,6,2,5,"5,0,2,3,1",-0.008433692175857307,0.0011419708210405114,0.2984090116899883,0.42452380952380947,0.41619353333556874,0.7123104031472505,0.01072558800024126,
modechoice,offline_extension,statsmodels.datasets.modechoice,1,SPEC,840,6,2,5,"5,1,3,4,2",-0.01077849304798857,0.001975152269590578,0.28953478669675087,0.6950000000000001,0.3922983076823375,0.779216203694763,0.3680245499999728,
modechoice,offline_extension,statsmodels.datasets.modechoice,1,MCFS,840,6,2,5,"2,0,5,1,4",0.007939939868849683,0.0003801613412634125,0.2882068573504769,0.8848809523809523,0.3815499260795448,0.8937348590416606,0.4215518000000884,
spector,offline_extension,statsmodels.datasets.spector,0,GSR-FS,32,3,2,2,"0,2",0.16624439680374195,0.13738437919658278,0.5268482564053194,0.8125,0.43294020045547627,0.9992127307023426,0.0032767050006441423,
spector,offline_extension,statsmodels.datasets.spector,0,MaxVariance,32,3,2,2,"1,2",0.16624439680374195,0.13738437919658278,0.5248178193665649,0.74375,0.40646368556126516,0.9936469968519549,5.384499945648713e-05,
spector,offline_extension,statsmodels.datasets.spector,0,LaplacianScore,32,3,2,2,"2,0",0.16624439680374195,0.13738437919658278,0.5268482564053194,0.8125,0.43294020045547627,0.9992127307023427,0.002367760999732127,
spector,offline_extension,statsmodels.datasets.spector,0,SPEC,32,3,2,2,"2,0",0.16624439680374195,0.13738437919658278,0.5268482564053194,0.8125,0.43294020045547627,0.9992127307023427,0.0032469939997099573,
spector,offline_extension,statsmodels.datasets.spector,0,MCFS,32,3,2,2,"2,0",0.16624439680374195,0.13738437919658278,0.5268482564053194,0.8125,0.43294020045547627,0.9992127307023427,0.011597239000366244,
spector,offline_extension,statsmodels.datasets.spector,1,GSR-FS,32,3,2,2,"1,0",0.11461629586355744,0.13802605283552546,0.4253099739965499,0.5875,0.3556301730014834,0.9260102078284005,0.003885480999997526,
spector,offline_extension,statsmodels.datasets.spector,1,MaxVariance,32,3,2,2,"1,2",0.16624439680374195,0.13738437919658278,0.5248178193665649,0.74375,0.40646368556126516,0.9936469968519549,5.47500003449386e-05,
spector,offline_extension,statsmodels.datasets.spector,1,LaplacianScore,32,3,2,2,"2,0",0.16624439680374195,0.13738437919658278,0.5268482564053194,0.8125,0.43294020045547627,0.9992127307023427,0.0020724259993585292,
spector,offline_extension,statsmodels.datasets.spector,1,SPEC,32,3,2,2,"2,0",0.16624439680374195,0.13738437919658278,0.5268482564053194,0.8125,0.43294020045547627,0.9992127307023427,0.0008543959993403405,
spector,offline_extension,statsmodels.datasets.spector,1,MCFS,32,3,2,2,"2,0",0.16624439680374195,0.13738437919658278,0.5268482564053194,0.8125,0.43294020045547627,0.9992127307023427,0.011780699999690114,
