dataset,seed,method,n_samples,n_features,n_classes,k,selected,ari,nmi,silhouette,knn_preservation,geometry_redundancy,normalized_effective_rank,fit_seconds,error
iris,0,GSR-FS,150,4,3,3,"2,0,3",0.6734486404240831,0.6864499193691614,0.538650956030849,0.5526666666666665,0.8311226946408868,0.45040120752396895,0.03221410799960722,
iris,0,MaxVariance,150,4,3,3,"2,0,3",0.6734486404240831,0.6864499193691614,0.538650956030849,0.5526666666666665,0.8311226946408868,0.45040120752396895,8.0344999787485e-05,
iris,0,LaplacianScore,150,4,3,3,"2,3,0",0.6734486404240831,0.6864499193691614,0.5386509560273606,0.5526666666666665,0.8311226946408868,0.45040120752396895,0.004939943000408675,
iris,0,MCFS,150,4,3,3,"2,1,3",0.6552683097146879,0.6679635940125082,0.4796045238402985,0.676,0.6052119399966384,0.6195414577757133,0.01615797200020097,
iris,0,GSR-FS,150,4,3,4,"2,0,3,1",0.6201351808870379,0.659486892724918,0.45994823920518646,1.0,0.6151302719555256,0.5114762469869267,0.03221410799960722,
iris,0,MaxVariance,150,4,3,4,"2,0,3,1",0.6201351808870379,0.659486892724918,0.45994823920518646,1.0,0.6151302719555256,0.5114762469869267,8.0344999787485e-05,
iris,0,LaplacianScore,150,4,3,4,"2,3,0,1",0.6201351808870379,0.659486892724918,0.45994823920072664,1.0,0.6151302719555256,0.5114762469869267,0.004939943000408675,
iris,0,MCFS,150,4,3,4,"2,1,3,0",0.6201351808870379,0.659486892724918,0.45994823920518635,1.0,0.6151302719555256,0.5114762469869267,0.01615797200020097,
wine,0,GSR-FS,178,13,3,3,"5,6,10",0.5001097673940932,0.5475873115171581,0.3957540757684379,0.2932584269662921,0.5689537686828866,0.6553602746393296,0.10735866699997132,
wine,0,MaxVariance,178,13,3,3,"12,4,3",0.4048673880406486,0.37494052989599747,0.35178522236384774,0.2831460674157304,0.34206708386323914,0.8860521515378386,8.737999996810686e-05,
wine,0,LaplacianScore,178,13,3,3,"6,12,11",0.7185489440587401,0.7117155791197458,0.49388978554460333,0.2910112359550562,0.5115253263259748,0.7182545209923182,0.003440869999849383,
wine,0,MCFS,178,13,3,3,"7,6,9",0.43307118275720574,0.47776910843880105,0.3649183653239464,0.3696629213483146,0.41378191981434326,0.8913574412207567,0.00998831600008998,
wine,0,GSR-FS,178,13,3,6,"5,6,10,3,11,12",0.743382270080002,0.7257725051759745,0.35193651312987206,0.4449438202247191,0.4842278242463605,0.5981677956311374,0.10735866699997132,
wine,0,MaxVariance,178,13,3,6,"12,4,3,9,1,6",0.8138999585100433,0.7750550027049014,0.32154641151955465,0.5134831460674157,0.34914365295411426,0.8184761057500087,8.737999996810686e-05,
wine,0,LaplacianScore,178,13,3,6,"6,12,11,5,9,10",0.8158075969369626,0.7944300166529287,0.393941234934722,0.4146067415730338,0.4883772401934523,0.5708261352754348,0.003440869999849383,
wine,0,MCFS,178,13,3,6,"7,6,9,12,2,11",0.8332447006160886,0.8074612874232261,0.33893371299636604,0.5112359550561798,0.4036824120741205,0.715604210733139,0.00998831600008998,
wine,0,GSR-FS,178,13,3,12,"5,6,10,3,11,12,8,9,7,1,0,4",0.8470966807514034,0.8346588494891206,0.297764913137269,0.804494382022472,0.4093175461114698,0.5689511644784367,0.10735866699997132,
wine,0,MaxVariance,178,13,3,12,"12,4,3,9,1,6,0,11,5,8,2,10",0.9133577991086984,0.8920222215557123,0.30123956010961883,0.8320224719101125,0.3963956439097739,0.5765412921870424,8.737999996810686e-05,
wine,0,LaplacianScore,178,13,3,12,"6,12,11,5,9,10,0,7,1,8,4,3",0.8470966807514034,0.8346588494891206,0.29776491313726905,0.804494382022472,0.4093175461114698,0.568951164478437,0.003440869999849383,
wine,0,MCFS,178,13,3,12,"7,6,9,12,2,11,0,1,4,5,3,10",0.9294895312165175,0.9108532106609516,0.297167608399807,0.8623595505617978,0.39833464994670104,0.5811299526572051,0.00998831600008998,
breast_cancer,0,GSR-FS,569,30,2,2,"17,23",0.473488052761385,0.3895777168765446,0.5163294295059054,0.14586994727592267,0.2393602126663678,0.9419758287065751,0.3249175930000092,
breast_cancer,0,MaxVariance,569,30,2,2,"23,3",0.4454585657957779,0.4290391206184348,0.6961338696982821,0.10210896309314588,0.8909055126170432,0.5523456830114208,0.00016719800032660714,
breast_cancer,0,LaplacianScore,569,30,2,2,"23,22",0.5124216886029304,0.48122724667179506,0.6826268277933476,0.10070298769771528,0.94107444347051,0.5317124543737267,0.008239623000008578,
breast_cancer,0,MCFS,569,30,2,2,"13,20",0.44016554058509155,0.4387704404238194,0.6697229566865661,0.12688927943760986,0.48778812454612797,0.7235298596428041,0.016652122999857966,
breast_cancer,0,GSR-FS,569,30,2,5,"17,23,5,12,26",0.5751744283416234,0.4557475789261319,0.46332110443638097,0.27205623901581727,0.3883837492558472,0.5726585181317448,0.3249175930000092,
breast_cancer,0,MaxVariance,569,30,2,5,"23,3,13,22,2",0.48622990445583686,0.4607399573226907,0.6601253686505978,0.1523725834797891,0.7845517963776452,0.28302256755253435,0.00016719800032660714,
breast_cancer,0,LaplacianScore,569,30,2,5,"23,22,20,3,7",0.5999195187411016,0.5510551677773322,0.6303829447574654,0.1694200351493849,0.8600205934771579,0.2678810508664907,0.008239623000008578,
breast_cancer,0,MCFS,569,30,2,5,"13,20,27,17,7",0.6879539778543862,0.5828380718195778,0.5131549214102303,0.24094903339191567,0.4694566318191839,0.47684801970250923,0.016652122999857966,
breast_cancer,0,GSR-FS,569,30,2,10,"17,23,5,12,26,15,18,24,1,8",0.5071648509370639,0.3884078896078151,0.33064099962589905,0.5356766256590508,0.34838599117549096,0.5569864018865895,0.3249175930000092,
breast_cancer,0,MaxVariance,569,30,2,10,"23,3,13,22,2,21,20,1,0,12",0.5230515703671972,0.4895829798795305,0.531849591423839,0.2279437609841828,0.6054472818485988,0.23089895283806122,0.00016719800032660714,
breast_cancer,0,LaplacianScore,569,30,2,10,"23,22,20,3,7,2,6,0,13,27",0.6169528919271422,0.5650044971697553,0.5849837624977544,0.2451669595782074,0.73999065067257,0.18166339641835147,0.008239623000008578,
breast_cancer,0,MCFS,569,30,2,10,"13,20,27,17,7,24,11,8,1,5",0.6710087402296664,0.5504474976421375,0.35495260083907265,0.5126537785588752,0.3770110728391586,0.5030021782615174,0.016652122999857966,
breast_cancer,0,GSR-FS,569,30,2,15,"17,23,5,12,26,15,18,24,1,8,27,9,28,6,14",0.5275153383550337,0.4088800784258274,0.3314715640808773,0.6346221441124781,0.3741792067068538,0.41508250505065925,0.3249175930000092,
breast_cancer,0,MaxVariance,569,30,2,15,"23,3,13,22,2,21,20,1,0,12,11,10,26,25,6",0.6167928762306624,0.5777524400742441,0.45292280783814254,0.4015817223198594,0.4863182838676535,0.23491510987197567,0.00016719800032660714,
breast_cancer,0,LaplacianScore,569,30,2,15,"23,22,20,3,7,2,6,0,13,27,5,25,26,21,10",0.6990792749004934,0.634676505763971,0.49821039211820745,0.4182776801405975,0.5740622839561298,0.1894780504677252,0.008239623000008578,
breast_cancer,0,MCFS,569,30,2,15,"13,20,27,17,7,24,11,8,1,5,4,9,6,3,2",0.6592305570949524,0.5403814627831327,0.36069924046876806,0.6005272407732865,0.42326039395477627,0.33941348893783285,0.016652122999857966,
