n,p,max_pairs,engine,fit_seconds,selected,same_selection_as_reference,max_abs_score_diff_vs_reference,speedup_vs_reference
120,12,2500,reference+nnls,0.04630335499996363,"2,1,5,11,4,7,9,3",True,0.0,1.0
120,12,2500,vectorized+nnls,0.04037140199989153,"2,1,5,11,4,7,9,3",True,2.099653784171096e-12,1.1469345305394159
120,12,2500,vectorized+batched_cd,0.0560613679999733,"2,1,5,11,4,7,9,3",True,2.099653784171096e-12,0.825940512189886
250,20,5000,reference+nnls,0.10410413799991147,"2,1,4,11,8,6,5,14",True,0.0,1.0
250,20,5000,vectorized+nnls,0.10865203999992445,"2,1,4,11,8,6,5,14",True,4.013678278624866e-12,0.9581425070342339
250,20,5000,vectorized+batched_cd,0.10813565999978891,"2,1,4,11,8,6,5,14",True,4.013678278624866e-12,0.9627179230247884
500,30,8000,reference+nnls,0.305304132999936,"3,0,5,9,12,20,14,24",True,0.0,1.0
500,30,8000,vectorized+nnls,0.30572133499981646,"3,0,5,9,12,20,14,24",True,5.973888050903042e-12,0.9986353520277519
500,30,8000,vectorized+batched_cd,0.2319190600001093,"3,0,5,9,12,20,14,24",True,5.973888050903042e-12,1.3164253640894892
800,40,10000,reference+nnls,0.43903025899999193,"2,3,4,21,22,11,14,24",True,0.0,1.0
800,40,10000,vectorized+nnls,0.4918548410000767,"2,3,4,21,22,11,14,24",True,6.31006358275954e-12,0.8926012766435768
800,40,10000,vectorized+batched_cd,0.5753153880000355,"2,3,4,21,22,11,14,24",True,6.31050767196939e-12,0.7631123174476343
