regime,seed,known_group_recovery,false_substitute_assignments,n_non_singleton_groups
null,0,,0,0
null,1,,0,0
null,2,,0,0
null,3,,0,0
null,4,,0,0
null,5,,0,0
null,6,,0,0
null,7,,0,0
null,8,,0,0
null,9,,0,0
null,10,,0,0
null,11,,0,0
null,12,,0,0
null,13,,0,0
null,14,,0,0
null,15,,0,0
null,16,,0,0
null,17,,0,0
null,18,,0,0
null,19,,0,0
null,20,,0,0
null,21,,0,0
null,22,,0,0
null,23,,0,0
null,24,,0,0
null,25,,0,0
null,26,,0,0
null,27,,0,0
null,28,,0,0
null,29,,0,0
redundant_blocks,0,1.0,0,2
redundant_blocks,1,1.0,0,2
redundant_blocks,2,1.0,0,2
redundant_blocks,3,1.0,0,2
redundant_blocks,4,1.0,0,2
redundant_blocks,5,1.0,0,2
redundant_blocks,6,1.0,0,2
redundant_blocks,7,1.0,0,2
redundant_blocks,8,1.0,0,2
redundant_blocks,9,1.0,0,2
redundant_blocks,10,1.0,0,2
redundant_blocks,11,1.0,0,2
redundant_blocks,12,1.0,0,2
redundant_blocks,13,1.0,0,2
redundant_blocks,14,1.0,0,2
redundant_blocks,15,1.0,0,2
redundant_blocks,16,1.0,0,2
redundant_blocks,17,1.0,0,2
redundant_blocks,18,1.0,0,2
redundant_blocks,19,1.0,0,2
