scenario,seed,n_selected,any_selected,selected,auto_threshold,max_observed_effective_support,group_coverage,relevant_precision,redundancy_rate
null_independent,0,0,0,,2.1163194781488617,1.545296924592675,,,
null_independent,1,0,0,,1.9258451409527728,1.6339584056070549,,,
null_independent,2,0,0,,2.1188136288698742,1.056700232636603,,,
null_independent,3,0,0,,2.1065392913092658,1.9656986029714705,,,
null_independent,4,0,0,,2.1349731050099083,0.882547927195867,,,
null_independent,5,0,0,,2.2796659880460455,0.5652513290808573,,,
null_independent,6,0,0,,1.9649238974488437,1.2096358416871515,,,
null_independent,7,0,0,,2.127966761604063,1.111392304409086,,,
null_independent,8,0,0,,2.0698540466619755,1.2016619516236466,,,
null_independent,9,0,0,,2.0029332593681612,1.1287675452283048,,,
null_independent,10,0,0,,1.926425260911509,1.4130687650509395,,,
null_independent,11,0,0,,2.0255313005838276,0.9807092966660135,,,
null_independent,12,0,0,,2.060666117884715,1.652534141601939,,,
null_independent,13,0,0,,2.243283935175287,1.1589769882047016,,,
null_independent,14,0,0,,2.2129397116244225,1.5723993300802575,,,
null_independent,15,0,0,,2.0334871633646365,1.3341930061958576,,,
null_independent,16,0,0,,1.9869197712684215,1.5327082710308324,,,
null_independent,17,0,0,,2.3009700165852354,1.837894254167635,,,
null_independent,18,0,0,,2.172262227222124,1.3443091303916226,,,
null_independent,19,0,0,,1.9629083347158953,1.4812238867135816,,,
null_independent,20,0,0,,2.1185038550174387,1.6883262846655431,,,
null_independent,21,0,0,,1.9829879202687009,1.1355589725211568,,,
null_independent,22,0,0,,2.1549274346248293,1.4298455022356316,,,
null_independent,23,0,0,,2.03636915734626,1.3471240689897706,,,
null_independent,24,0,0,,1.9962878325837394,1.634247170994669,,,
null_independent,25,0,0,,2.376570848906066,1.2142153788480134,,,
null_independent,26,0,0,,2.09962709886851,1.4585227653911763,,,
null_independent,27,0,0,,2.1648282703439676,1.6036598248461393,,,
null_independent,28,0,0,,2.2815023038952256,1.356074099505596,,,
null_independent,29,0,0,,2.044919728572953,0.8435296099553474,,,
null_independent,30,0,0,,1.8662562830393687,0.806018154308447,,,
null_independent,31,0,0,,2.0391320734275515,1.6824326352879213,,,
null_independent,32,0,0,,2.102194923121104,1.3926001036147642,,,
null_independent,33,0,0,,2.0738862338827344,0.717181128213446,,,
null_independent,34,0,0,,2.032872920365425,1.3947363288148162,,,
null_independent,35,0,0,,2.4990363301344605,2.1360599919432866,,,
null_independent,36,0,0,,1.9571403021258622,1.0875898368111558,,,
null_independent,37,0,0,,1.9802317901193178,1.4652720806458175,,,
null_independent,38,0,0,,2.081169573240677,0.826431096087586,,,
null_independent,39,0,0,,2.3059320557612684,0.8613050506990876,,,
null_independent,40,0,0,,1.9518124215373596,1.2217735278374566,,,
null_independent,41,0,0,,2.1746777368628503,1.5843965629812509,,,
null_independent,42,0,0,,2.232514307387137,1.698695738012467,,,
null_independent,43,0,0,,2.0376045772683913,1.4991176942976951,,,
null_independent,44,0,0,,2.0696599208996105,1.4254448212835429,,,
null_independent,45,0,0,,2.154113639982218,1.6251896296752788,,,
null_independent,46,0,0,,2.293536861630371,1.8482690040171166,,,
null_independent,47,0,0,,2.113922603990643,1.7322890775974897,,,
null_independent,48,0,0,,2.160043514494239,1.0938658682379203,,,
null_independent,49,0,0,,2.0989697020385467,1.51106616002441,,,
redundant_blocks,0,2,1,"0,1",2.2378895962694467,8.3907684737095,1.0,1.0,0.0
redundant_blocks,1,2,1,"1,2",2.41294527236407,10.223223773211462,1.0,1.0,0.0
redundant_blocks,2,2,1,"0,1",2.1920506008047997,11.09055830443401,1.0,1.0,0.0
redundant_blocks,3,2,1,"3,0",2.1357871978136376,11.566421851515841,1.0,1.0,0.0
redundant_blocks,4,2,1,"0,3",2.2215533122488527,9.74450747266422,1.0,1.0,0.0
redundant_blocks,5,2,1,"0,3",2.35277309239206,11.490679985494186,1.0,1.0,0.0
redundant_blocks,6,2,1,"2,1",2.338316707540273,11.281431672173246,1.0,1.0,0.0
redundant_blocks,7,2,1,"3,0",2.3127911271329182,9.89372219970166,1.0,1.0,0.0
redundant_blocks,8,2,1,"1,2",2.049562897800707,12.396616844500487,1.0,1.0,0.0
redundant_blocks,9,2,1,"2,1",2.2049461882073023,8.036430439197266,1.0,1.0,0.0
redundant_blocks,10,2,1,"3,0",2.0485480682862907,11.414235137543038,1.0,1.0,0.0
redundant_blocks,11,2,1,"1,0",2.0375510026691317,10.753925124350156,1.0,1.0,0.0
redundant_blocks,12,2,1,"0,3",2.180537351869595,10.987458047363306,1.0,1.0,0.0
redundant_blocks,13,2,1,"2,3",2.0271951682149565,10.317324839031494,1.0,1.0,0.0
redundant_blocks,14,2,1,"0,1",2.4538454463238804,11.527894774264789,1.0,1.0,0.0
redundant_blocks,15,2,1,"1,0",2.2706494861731286,9.523775514744171,1.0,1.0,0.0
redundant_blocks,16,2,1,"2,1",2.2485708875997954,11.246865000913111,1.0,1.0,0.0
redundant_blocks,17,2,1,"1,2",2.3457639120357046,12.642563585303073,1.0,1.0,0.0
redundant_blocks,18,2,1,"2,3",2.417751918129498,9.488483438625133,1.0,1.0,0.0
redundant_blocks,19,2,1,"2,3",2.192346364875935,11.021294792898457,1.0,1.0,0.0
redundant_blocks,20,2,1,"0,1",2.492992871293183,10.982930930221768,1.0,1.0,0.0
redundant_blocks,21,2,1,"2,1",2.1992162125240693,10.926642672674927,1.0,1.0,0.0
redundant_blocks,22,2,1,"2,3",1.9266078329775325,8.527418058694535,1.0,1.0,0.0
redundant_blocks,23,2,1,"3,2",2.231555253123215,9.532231878514855,1.0,1.0,0.0
redundant_blocks,24,2,1,"1,0",2.122545658939386,10.779180001581585,1.0,1.0,0.0
redundant_blocks,25,2,1,"2,3",2.1721037374751333,11.478716318618876,1.0,1.0,0.0
redundant_blocks,26,2,1,"3,2",2.1600862718416045,12.489655972371164,1.0,1.0,0.0
redundant_blocks,27,2,1,"0,1",2.0571514576864356,10.56271181494699,1.0,1.0,0.0
redundant_blocks,28,2,1,"3,2",2.2225751495731196,10.96734307381756,1.0,1.0,0.0
redundant_blocks,29,2,1,"3,0",2.120850908971594,11.638850564908086,1.0,1.0,0.0
outlier_contamination,0,12,1,"20,3,5,19,14,8,23,16,6,17,15,13",1.9985515488971273,7.089352969657251,0.5,0.08333333333333333,0.0
outlier_contamination,1,12,1,"9,2,11,8,5,14,16,20,7,22,12,10",2.0750296146549374,8.520824324832569,0.5,0.08333333333333333,0.0
outlier_contamination,2,7,1,"15,1,4,12,14,13,8",2.3186469870695414,7.203107295904887,0.5,0.14285714285714285,0.0
outlier_contamination,3,13,1,"5,0,15,9,19,23,18,10,20,16,11,7,1",2.147473204563961,8.754807011913003,1.0,0.15384615384615385,0.0
outlier_contamination,4,10,1,"22,2,10,23,9,7,4,12,19,11",2.2115427191828436,7.596771464837182,0.5,0.1,0.0
outlier_contamination,5,12,1,"13,0,20,7,5,9,15,6,22,10,8,23",2.2467653748654075,8.304582045101217,0.5,0.08333333333333333,0.0
outlier_contamination,6,8,1,"0,19,8,20,11,9,15,23",2.320230486178034,7.164160435215486,0.5,0.125,0.0
outlier_contamination,7,9,1,"2,16,15,20,17,13,7,23,21",2.2137092419851774,7.720313701408163,0.5,0.1111111111111111,0.0
outlier_contamination,8,12,1,"23,3,4,15,19,17,11,22,13,14,9,2",1.9884297103181012,7.215729463706297,1.0,0.16666666666666666,0.0
outlier_contamination,9,7,1,"9,2,21,22,4,14,10",2.44220766445813,7.681520531803431,0.5,0.14285714285714285,0.0
outlier_contamination,10,10,1,"2,13,12,23,18,9,14,17,19,16",2.1255636809182956,6.866850122181553,0.5,0.1,0.0
outlier_contamination,11,6,1,"2,13,8,7,20,19",2.5300972090276646,9.80487456112872,0.5,0.16666666666666666,0.0
outlier_contamination,12,10,1,"2,15,13,4,7,16,19,17,9,23",2.2414973006453094,8.699197856015166,0.5,0.1,0.0
outlier_contamination,13,13,1,"2,7,14,13,20,3,6,18,8,21,4,19,10",2.2363968402409102,7.648402442163074,1.0,0.15384615384615385,0.0
outlier_contamination,14,11,1,"2,10,19,16,5,12,20,13,23,15,21",2.1421614895777967,8.37005483073214,0.5,0.09090909090909091,0.0
