threshold,coverage_power,seed,null_crossed_threshold,best_score
1.5,2.0,0,True,1.9333745133438374
1.5,2.0,1,False,1.3787563736870714
1.5,2.0,2,False,0.9938938029431471
1.5,2.0,3,False,1.0113269700569245
1.5,2.0,4,True,1.6882649804576555
1.5,2.0,5,False,1.4151975438576967
1.5,2.0,6,True,2.028550533186905
1.5,2.0,7,True,1.6441615635616131
1.5,2.0,8,True,1.8815786085493713
1.5,2.0,9,True,1.5784094521424799
1.5,2.0,10,True,2.3584371037066316
1.5,2.0,11,False,1.0807738179515598
1.5,2.0,12,True,1.9975526755139195
1.5,2.0,13,False,1.049532142644888
1.5,2.0,14,False,1.0264774567746127
1.5,2.0,15,True,1.7990644872088521
1.5,2.0,16,True,1.9989166142089005
1.5,2.0,17,False,1.1154568188750553
1.5,2.0,18,True,1.660234192589244
1.5,2.0,19,False,1.1170555031242124
1.5,2.5,0,True,1.7466933089180885
1.5,2.5,1,False,1.2571348548640902
1.5,2.5,2,False,0.8976820381297341
1.5,2.5,3,False,0.9341338390608116
1.5,2.5,4,True,1.5481535796823525
1.5,2.5,5,False,1.2923390012918217
1.5,2.5,6,True,1.8735822297585647
1.5,2.5,7,False,1.4887129770747396
1.5,2.5,8,True,1.7299324644143574
1.5,2.5,9,False,1.4500404098480628
1.5,2.5,10,True,2.1805578872239733
1.5,2.5,11,False,0.9875270893683709
1.5,2.5,12,True,1.8265980550670784
1.5,2.5,13,False,0.940409036994882
1.5,2.5,14,False,0.9386239631407867
1.5,2.5,15,True,1.653690920927245
1.5,2.5,16,True,1.8294158638629583
1.5,2.5,17,False,1.0169320653845888
1.5,2.5,18,True,1.5091167481530918
1.5,2.5,19,False,1.00537959990468
1.5,3.0,0,True,1.5780375164574405
1.5,3.0,1,False,1.14624169539676
1.5,3.0,2,False,0.8107838475242497
1.5,3.0,3,False,0.8628327485712896
1.5,3.0,4,False,1.419670214111509
1.5,3.0,5,False,1.1801462640383735
1.5,3.0,6,True,1.7304525148566487
1.5,3.0,7,False,1.3479614030812255
1.5,3.0,8,True,1.5905082667484025
1.5,3.0,9,False,1.332111377905344
1.5,3.0,10,True,2.0160947654960815
1.5,3.0,11,False,0.90232547831768
1.5,3.0,12,True,1.670274078713067
1.5,3.0,13,False,0.8426317984249385
1.5,3.0,14,False,0.8582896179234499
1.5,3.0,15,True,1.5200642786295695
1.5,3.0,16,True,1.6742881514734833
1.5,3.0,17,False,0.9271096900463727
1.5,3.0,18,False,1.371754280041875
1.5,3.0,19,False,0.9048683230846571
2.0,2.0,0,False,1.9333745133438374
2.0,2.0,1,False,1.3787563736870714
2.0,2.0,2,False,0.9938938029431471
2.0,2.0,3,False,1.0113269700569245
2.0,2.0,4,False,1.6882649804576555
2.0,2.0,5,False,1.4151975438576967
2.0,2.0,6,True,2.028550533186905
2.0,2.0,7,False,1.6441615635616131
2.0,2.0,8,False,1.8815786085493713
2.0,2.0,9,False,1.5784094521424799
2.0,2.0,10,True,2.3584371037066316
2.0,2.0,11,False,1.0807738179515598
2.0,2.0,12,False,1.9975526755139195
2.0,2.0,13,False,1.049532142644888
2.0,2.0,14,False,1.0264774567746127
2.0,2.0,15,False,1.7990644872088521
2.0,2.0,16,False,1.9989166142089005
2.0,2.0,17,False,1.1154568188750553
2.0,2.0,18,False,1.660234192589244
2.0,2.0,19,False,1.1170555031242124
2.0,2.5,0,False,1.7466933089180885
2.0,2.5,1,False,1.2571348548640902
2.0,2.5,2,False,0.8976820381297341
2.0,2.5,3,False,0.9341338390608116
2.0,2.5,4,False,1.5481535796823525
2.0,2.5,5,False,1.2923390012918217
2.0,2.5,6,False,1.8735822297585647
2.0,2.5,7,False,1.4887129770747396
2.0,2.5,8,False,1.7299324644143574
2.0,2.5,9,False,1.4500404098480628
2.0,2.5,10,True,2.1805578872239733
2.0,2.5,11,False,0.9875270893683709
2.0,2.5,12,False,1.8265980550670784
2.0,2.5,13,False,0.940409036994882
2.0,2.5,14,False,0.9386239631407867
2.0,2.5,15,False,1.653690920927245
2.0,2.5,16,False,1.8294158638629583
2.0,2.5,17,False,1.0169320653845888
2.0,2.5,18,False,1.5091167481530918
2.0,2.5,19,False,1.00537959990468
2.0,3.0,0,False,1.5780375164574405
2.0,3.0,1,False,1.14624169539676
2.0,3.0,2,False,0.8107838475242497
2.0,3.0,3,False,0.8628327485712896
2.0,3.0,4,False,1.419670214111509
2.0,3.0,5,False,1.1801462640383735
2.0,3.0,6,False,1.7304525148566487
2.0,3.0,7,False,1.3479614030812255
2.0,3.0,8,False,1.5905082667484025
2.0,3.0,9,False,1.332111377905344
2.0,3.0,10,True,2.0160947654960815
2.0,3.0,11,False,0.90232547831768
2.0,3.0,12,False,1.670274078713067
2.0,3.0,13,False,0.8426317984249385
2.0,3.0,14,False,0.8582896179234499
2.0,3.0,15,False,1.5200642786295695
2.0,3.0,16,False,1.6742881514734833
2.0,3.0,17,False,0.9271096900463727
2.0,3.0,18,False,1.371754280041875
2.0,3.0,19,False,0.9048683230846571
2.5,2.0,0,False,1.9333745133438374
2.5,2.0,1,False,1.3787563736870714
2.5,2.0,2,False,0.9938938029431471
2.5,2.0,3,False,1.0113269700569245
2.5,2.0,4,False,1.6882649804576555
2.5,2.0,5,False,1.4151975438576967
2.5,2.0,6,False,2.028550533186905
2.5,2.0,7,False,1.6441615635616131
2.5,2.0,8,False,1.8815786085493713
2.5,2.0,9,False,1.5784094521424799
2.5,2.0,10,False,2.3584371037066316
2.5,2.0,11,False,1.0807738179515598
2.5,2.0,12,False,1.9975526755139195
2.5,2.0,13,False,1.049532142644888
2.5,2.0,14,False,1.0264774567746127
2.5,2.0,15,False,1.7990644872088521
2.5,2.0,16,False,1.9989166142089005
2.5,2.0,17,False,1.1154568188750553
2.5,2.0,18,False,1.660234192589244
2.5,2.0,19,False,1.1170555031242124
2.5,2.5,0,False,1.7466933089180885
2.5,2.5,1,False,1.2571348548640902
2.5,2.5,2,False,0.8976820381297341
2.5,2.5,3,False,0.9341338390608116
2.5,2.5,4,False,1.5481535796823525
2.5,2.5,5,False,1.2923390012918217
2.5,2.5,6,False,1.8735822297585647
2.5,2.5,7,False,1.4887129770747396
2.5,2.5,8,False,1.7299324644143574
2.5,2.5,9,False,1.4500404098480628
2.5,2.5,10,False,2.1805578872239733
2.5,2.5,11,False,0.9875270893683709
2.5,2.5,12,False,1.8265980550670784
2.5,2.5,13,False,0.940409036994882
2.5,2.5,14,False,0.9386239631407867
2.5,2.5,15,False,1.653690920927245
2.5,2.5,16,False,1.8294158638629583
2.5,2.5,17,False,1.0169320653845888
2.5,2.5,18,False,1.5091167481530918
2.5,2.5,19,False,1.00537959990468
2.5,3.0,0,False,1.5780375164574405
2.5,3.0,1,False,1.14624169539676
2.5,3.0,2,False,0.8107838475242497
2.5,3.0,3,False,0.8628327485712896
2.5,3.0,4,False,1.419670214111509
2.5,3.0,5,False,1.1801462640383735
2.5,3.0,6,False,1.7304525148566487
2.5,3.0,7,False,1.3479614030812255
2.5,3.0,8,False,1.5905082667484025
2.5,3.0,9,False,1.332111377905344
2.5,3.0,10,False,2.0160947654960815
2.5,3.0,11,False,0.90232547831768
2.5,3.0,12,False,1.670274078713067
2.5,3.0,13,False,0.8426317984249385
2.5,3.0,14,False,0.8582896179234499
2.5,3.0,15,False,1.5200642786295695
2.5,3.0,16,False,1.6742881514734833
2.5,3.0,17,False,0.9271096900463727
2.5,3.0,18,False,1.371754280041875
2.5,3.0,19,False,0.9048683230846571
3.0,2.0,0,False,1.9333745133438374
3.0,2.0,1,False,1.3787563736870714
3.0,2.0,2,False,0.9938938029431471
3.0,2.0,3,False,1.0113269700569245
3.0,2.0,4,False,1.6882649804576555
3.0,2.0,5,False,1.4151975438576967
3.0,2.0,6,False,2.028550533186905
3.0,2.0,7,False,1.6441615635616131
3.0,2.0,8,False,1.8815786085493713
3.0,2.0,9,False,1.5784094521424799
3.0,2.0,10,False,2.3584371037066316
3.0,2.0,11,False,1.0807738179515598
3.0,2.0,12,False,1.9975526755139195
3.0,2.0,13,False,1.049532142644888
3.0,2.0,14,False,1.0264774567746127
3.0,2.0,15,False,1.7990644872088521
3.0,2.0,16,False,1.9989166142089005
3.0,2.0,17,False,1.1154568188750553
3.0,2.0,18,False,1.660234192589244
3.0,2.0,19,False,1.1170555031242124
3.0,2.5,0,False,1.7466933089180885
3.0,2.5,1,False,1.2571348548640902
3.0,2.5,2,False,0.8976820381297341
3.0,2.5,3,False,0.9341338390608116
3.0,2.5,4,False,1.5481535796823525
3.0,2.5,5,False,1.2923390012918217
3.0,2.5,6,False,1.8735822297585647
3.0,2.5,7,False,1.4887129770747396
3.0,2.5,8,False,1.7299324644143574
3.0,2.5,9,False,1.4500404098480628
3.0,2.5,10,False,2.1805578872239733
3.0,2.5,11,False,0.9875270893683709
3.0,2.5,12,False,1.8265980550670784
3.0,2.5,13,False,0.940409036994882
3.0,2.5,14,False,0.9386239631407867
3.0,2.5,15,False,1.653690920927245
3.0,2.5,16,False,1.8294158638629583
3.0,2.5,17,False,1.0169320653845888
3.0,2.5,18,False,1.5091167481530918
3.0,2.5,19,False,1.00537959990468
3.0,3.0,0,False,1.5780375164574405
3.0,3.0,1,False,1.14624169539676
3.0,3.0,2,False,0.8107838475242497
3.0,3.0,3,False,0.8628327485712896
3.0,3.0,4,False,1.419670214111509
3.0,3.0,5,False,1.1801462640383735
3.0,3.0,6,False,1.7304525148566487
3.0,3.0,7,False,1.3479614030812255
3.0,3.0,8,False,1.5905082667484025
3.0,3.0,9,False,1.332111377905344
3.0,3.0,10,False,2.0160947654960815
3.0,3.0,11,False,0.90232547831768
3.0,3.0,12,False,1.670274078713067
3.0,3.0,13,False,0.8426317984249385
3.0,3.0,14,False,0.8582896179234499
3.0,3.0,15,False,1.5200642786295695
3.0,3.0,16,False,1.6742881514734833
3.0,3.0,17,False,0.9271096900463727
3.0,3.0,18,False,1.371754280041875
3.0,3.0,19,False,0.9048683230846571
