dataset,seed,method,n_samples,n_features,n_classes,k,selected,ari,nmi,silhouette,knn_preservation,fit_seconds,error
iris,0,GSR-FS,150,4,3,3,"3,0,1",0.5710590418587337,0.6110929132666966,0.45010862097954885,0.9086666666666667,0.019294713000135744,
iris,0,MaxVariance,150,4,3,3,"2,0,3",0.6734486404240831,0.6864499193691614,0.538650956030849,0.5526666666666665,0.00011215700010325236,
iris,0,LaplacianScore,150,4,3,3,"2,3,0",0.6734486404240831,0.6864499193691614,0.5386509560273606,0.5526666666666665,0.0028538649999063637,
iris,0,MCFS,150,4,3,3,"2,1,3",0.6552683097146879,0.6679635940125082,0.4796045238402985,0.676,0.015188247000196498,
iris,1,GSR-FS,150,4,3,3,"3,0,2",0.6897559431278082,0.7151056003701349,0.5405171875535711,0.5526666666666665,0.012305053000090993,
iris,1,MaxVariance,150,4,3,3,"2,0,3",0.6897559431278082,0.7151056003701349,0.540517187553571,0.5526666666666665,7.653399984519638e-05,
iris,1,LaplacianScore,150,4,3,3,"2,3,0",0.6897559431278082,0.7151056003701349,0.5405171875501428,0.5526666666666665,0.0022581420000733488,
iris,1,MCFS,150,4,3,3,"2,1,3",0.6552683097146879,0.6679635940125082,0.4796045238402985,0.676,0.01439567900001748,
iris,0,GSR-FS,150,4,3,4,"3,0,1,2",0.6201351808870379,0.659486892724918,0.45994823920518646,1.0,0.015755226000010225,
iris,0,MaxVariance,150,4,3,4,"2,0,3,1",0.6201351808870379,0.659486892724918,0.45994823920518646,1.0,7.046099995022814e-05,
iris,0,LaplacianScore,150,4,3,4,"2,3,0,1",0.6201351808870379,0.659486892724918,0.45994823920072664,1.0,0.0023917319999782194,
iris,0,MCFS,150,4,3,4,"2,1,3,0",0.6201351808870379,0.659486892724918,0.45994823920518635,1.0,0.014019541999914509,
iris,1,GSR-FS,150,4,3,4,"3,0,2,1",0.6201351808870379,0.659486892724918,0.45994823920518646,1.0,0.011701558000140722,
iris,1,MaxVariance,150,4,3,4,"2,0,3,1",0.6201351808870379,0.659486892724918,0.45994823920518646,1.0,7.864000008339644e-05,
iris,1,LaplacianScore,150,4,3,4,"2,3,0,1",0.6201351808870379,0.659486892724918,0.45994823920072664,1.0,0.0027277980000235402,
iris,1,MCFS,150,4,3,4,"2,1,3,0",0.6201351808870379,0.659486892724918,0.45994823920518635,1.0,0.014242511000020386,
wine,0,GSR-FS,178,13,3,3,"6,11,0",0.7432399207674293,0.729690081133655,0.49403311609447537,0.31348314606741573,0.029688543000020218,
wine,0,MaxVariance,178,13,3,3,"12,4,3",0.4048673880406486,0.37494052989599747,0.35178522236384774,0.2831460674157304,9.324500001639535e-05,
wine,0,LaplacianScore,178,13,3,3,"6,12,11",0.7185489440587401,0.7117155791197458,0.49388978554460333,0.2910112359550562,0.0036251349999929516,
wine,0,MCFS,178,13,3,3,"7,6,9",0.43307118275720574,0.47776910843880105,0.3649183653239464,0.3696629213483146,0.01022672700014482,
wine,1,GSR-FS,178,13,3,3,"6,11,10",0.3548955229090974,0.444056014467419,0.3879749649638995,0.28876404494382024,0.02608720600005654,
wine,1,MaxVariance,178,13,3,3,"12,4,3",0.4048673880406486,0.3749405298959974,0.35178522236384774,0.2831460674157304,0.00018043399995804066,
wine,1,LaplacianScore,178,13,3,3,"6,12,11",0.7185489440587401,0.7117155791197458,0.49388978554460333,0.2910112359550562,0.0031303580001349474,
wine,1,MCFS,178,13,3,3,"7,6,9",0.43307118275720574,0.47776910843880105,0.3649183653239464,0.3696629213483146,0.010289120000152252,
wine,0,GSR-FS,178,13,3,6,"6,11,0,5,10,12",0.7919666363666451,0.7762280559154782,0.41451526369893504,0.42921348314606744,0.033560232000127144,
wine,0,MaxVariance,178,13,3,6,"12,4,3,9,1,6",0.8138999585100433,0.7750550027049014,0.32154641151955465,0.5134831460674157,8.832599996821955e-05,
wine,0,LaplacianScore,178,13,3,6,"6,12,11,5,9,10",0.8158075969369626,0.7944300166529287,0.393941234934722,0.4146067415730338,0.003189883999993981,
wine,0,MCFS,178,13,3,6,"7,6,9,12,2,11",0.8332447006160886,0.8074612874232261,0.33893371299636604,0.5112359550561798,0.010046366999858947,
wine,1,GSR-FS,178,13,3,6,"6,11,10,3,5,7",0.5460817783077923,0.6034991034525345,0.29299668227675946,0.44662921348314605,0.03925260799996977,
wine,1,MaxVariance,178,13,3,6,"12,4,3,9,1,6",0.8138999585100433,0.7750550027049014,0.32154641151955465,0.5134831460674157,8.532600008948066e-05,
wine,1,LaplacianScore,178,13,3,6,"6,12,11,5,9,10",0.8158075969369626,0.7944300166529287,0.393941234934722,0.4146067415730338,0.0032762130001628975,
wine,1,MCFS,178,13,3,6,"7,6,9,12,2,11",0.8332447006160886,0.8074612874232261,0.33893371299636604,0.5112359550561798,0.010061114999871279,
wine,0,GSR-FS,178,13,3,12,"6,11,0,5,10,12,8,7,3,9,4,1",0.8470966807514034,0.8346588494891206,0.297764913137269,0.804494382022472,0.05149682000001121,
wine,0,MaxVariance,178,13,3,12,"12,4,3,9,1,6,0,11,5,8,2,10",0.9133577991086984,0.8920222215557123,0.30123956010961883,0.8320224719101125,8.729899991521961e-05,
wine,0,LaplacianScore,178,13,3,12,"6,12,11,5,9,10,0,7,1,8,4,3",0.8470966807514034,0.8346588494891206,0.29776491313726905,0.804494382022472,0.0031550890000744403,
wine,0,MCFS,178,13,3,12,"7,6,9,12,2,11,0,1,4,5,3,10",0.9294895312165175,0.9108532106609516,0.297167608399807,0.8623595505617978,0.010579530000086379,
wine,1,GSR-FS,178,13,3,12,"6,11,10,3,5,7,9,8,0,2,12,1",0.8803997758776985,0.8609456714542119,0.29490793044558905,0.8325842696629216,0.04470097699982034,
wine,1,MaxVariance,178,13,3,12,"12,4,3,9,1,6,0,11,5,8,2,10",0.9133577991086984,0.8920222215557123,0.30123956010961883,0.8320224719101125,0.00010635200010256085,
wine,1,LaplacianScore,178,13,3,12,"6,12,11,5,9,10,0,7,1,8,4,3",0.8470966807514034,0.8346588494891206,0.29776491313726905,0.804494382022472,0.0031268820000605047,
wine,1,MCFS,178,13,3,12,"7,6,9,12,2,11,0,1,4,5,3,10",0.9294895312165175,0.9108532106609516,0.297167608399807,0.8623595505617978,0.01137893999998596,
breast_cancer,0,GSR-FS,569,30,2,2,"23,26",0.6234191226497806,0.5371729180866832,0.5615582565472893,0.14745166959578207,0.05945037399987996,
breast_cancer,0,MaxVariance,569,30,2,2,"23,3",0.4454585657957779,0.4290391206184348,0.6961338696982821,0.10210896309314588,0.00022866999984216818,
breast_cancer,0,LaplacianScore,569,30,2,2,"23,22",0.5124216886029304,0.48122724667179506,0.6826268277933476,0.10070298769771528,0.04305282900008933,
breast_cancer,0,MCFS,569,30,2,2,"13,20",0.44016554058509155,0.4387704404238194,0.6697229566865661,0.12688927943760986,0.039281762999962666,
breast_cancer,1,GSR-FS,569,30,2,2,"0,26",0.6886115806681675,0.5689845770307985,0.513552745150272,0.14586994727592267,0.08016900200004784,
breast_cancer,1,MaxVariance,569,30,2,2,"23,3",0.4454585657957779,0.4290391206184348,0.6961338696982821,0.10210896309314588,0.00022646200000053796,
breast_cancer,1,LaplacianScore,569,30,2,2,"23,22",0.5124216886029304,0.48122724667179506,0.6826268277933476,0.10070298769771528,0.007036143999812339,
breast_cancer,1,MCFS,569,30,2,2,"13,20",0.44016554058509155,0.4387704404238194,0.6697229566865661,0.12688927943760986,0.02301487999989149,
breast_cancer,0,GSR-FS,569,30,2,5,"23,26,8,17,1",0.6766977462320126,0.5586701342379229,0.3456199508451477,0.33374340949033393,0.08052008599997862,
breast_cancer,0,MaxVariance,569,30,2,5,"23,3,13,22,2",0.48622990445583686,0.4607399573226907,0.6601253686505978,0.1523725834797891,0.00019367000004422152,
breast_cancer,0,LaplacianScore,569,30,2,5,"23,22,20,3,7",0.5999195187411016,0.5510551677773322,0.6303829447574654,0.1694200351493849,0.026001122000025134,
breast_cancer,0,MCFS,569,30,2,5,"13,20,27,17,7",0.6879539778543862,0.5828380718195778,0.5131549214102303,0.24094903339191567,0.017343865999919217,
breast_cancer,1,GSR-FS,569,30,2,5,"0,26,15,8,12",0.6084874438844753,0.48545568130722266,0.3937972493611775,0.2964850615114235,0.07084038299990425,
breast_cancer,1,MaxVariance,569,30,2,5,"23,3,13,22,2",0.48622990445583686,0.4607399573226907,0.6601253686505978,0.1523725834797891,0.00018563599996923585,
breast_cancer,1,LaplacianScore,569,30,2,5,"23,22,20,3,7",0.5999195187411016,0.5510551677773323,0.6303829447574654,0.1694200351493849,0.06014098099990406,
breast_cancer,1,MCFS,569,30,2,5,"13,20,27,17,7",0.6879539778543862,0.5828380718195778,0.5131549214102303,0.24094903339191567,0.07052819199998339,
breast_cancer,0,GSR-FS,569,30,2,10,"23,26,8,17,1,19,27,6,12,5",0.6254868630934812,0.5010739022814202,0.3933112111590224,0.450439367311072,0.12367985299988504,
breast_cancer,0,MaxVariance,569,30,2,10,"23,3,13,22,2,21,20,1,0,12",0.5230515703671972,0.4895829798795305,0.531849591423839,0.2279437609841828,0.00022409799998968083,
breast_cancer,0,LaplacianScore,569,30,2,10,"23,22,20,3,7,2,6,0,13,27",0.6169528919271422,0.5650044971697553,0.5849837624977544,0.2451669595782074,0.007027698999991117,
breast_cancer,0,MCFS,569,30,2,10,"13,20,27,17,7,24,11,8,1,5",0.6710087402296664,0.5504474976421375,0.35495260083907265,0.5126537785588752,0.01878597799986892,
breast_cancer,1,GSR-FS,569,30,2,10,"0,26,15,8,12,4,5,27,29,1",0.5592906601921099,0.4382431662228935,0.3568382137773475,0.5272407732864675,0.12972801099999742,
breast_cancer,1,MaxVariance,569,30,2,10,"23,3,13,22,2,21,20,1,0,12",0.5230515703671972,0.4895829798795305,0.531849591423839,0.2279437609841828,0.00019238999993831385,
breast_cancer,1,LaplacianScore,569,30,2,10,"23,22,20,3,7,2,6,0,13,27",0.6169528919271422,0.5650044971697554,0.5849837624977544,0.2451669595782074,0.02205382500005726,
breast_cancer,1,MCFS,569,30,2,10,"13,20,27,17,7,24,11,8,1,5",0.6710087402296664,0.5504474976421375,0.35495260083907265,0.5126537785588752,0.021109609999939494,
breast_cancer,0,GSR-FS,569,30,2,15,"23,26,8,17,1,19,27,6,12,5,24,16,9,18,13",0.527365354812989,0.4097586765885679,0.35724868094308176,0.6065026362038665,0.1923604080000132,
breast_cancer,0,MaxVariance,569,30,2,15,"23,3,13,22,2,21,20,1,0,12,11,10,26,25,6",0.6167928762306624,0.5777524400742441,0.45292280783814254,0.4015817223198594,0.00022183199985192914,
breast_cancer,0,LaplacianScore,569,30,2,15,"23,22,20,3,7,2,6,0,13,27,5,25,26,21,10",0.6990792749004934,0.634676505763971,0.49821039211820745,0.4182776801405975,0.021843292000085057,
breast_cancer,0,MCFS,569,30,2,15,"13,20,27,17,7,24,11,8,1,5,4,9,6,3,2",0.6592305570949524,0.5403814627831327,0.36069924046876806,0.6005272407732865,0.032121888000119725,
breast_cancer,1,GSR-FS,569,30,2,15,"0,26,15,8,12,4,5,27,29,1,6,9,17,13,24",0.5327766666990708,0.4135435520804334,0.35796069085956495,0.5942003514938489,0.1882474619999357,
breast_cancer,1,MaxVariance,569,30,2,15,"23,3,13,22,2,21,20,1,0,12,11,10,26,25,6",0.6167928762306624,0.5777524400742441,0.45292280783814254,0.4015817223198594,0.00019253300001764728,
breast_cancer,1,LaplacianScore,569,30,2,15,"23,22,20,3,7,2,6,0,13,27,5,25,26,21,10",0.6990792749004934,0.634676505763971,0.49821039211820745,0.4182776801405975,0.04134141500003352,
breast_cancer,1,MCFS,569,30,2,15,"13,20,27,17,7,24,11,8,1,5,4,9,6,3,2",0.6592305570949524,0.5403814627831327,0.36069924046876806,0.6005272407732865,0.01902216700000281,
