dataset,seed,method,n_samples,n_features,n_classes,k,selected,ari,nmi,silhouette,knn_preservation,fit_seconds,error,geometry_redundancy,normalized_effective_rank
iris,0,GSR-FS,150,4,3,3,"2,0,3",0.6734486404240831,0.6864499193691614,0.538650956030849,0.5526666666666665,0.0452587770000718,,0.8303895469125058,0.45040120752396895
iris,0,MaxVariance,150,4,3,3,"2,0,3",0.6734486404240831,0.6864499193691614,0.538650956030849,0.5526666666666665,8.947599985731358e-05,,0.8303895469125058,0.45040120752396895
iris,0,LaplacianScore,150,4,3,3,"2,3,0",0.6734486404240831,0.6864499193691614,0.5386509560273606,0.5526666666666665,0.0051249989999178,,0.8303895469125058,0.45040120752396895
iris,0,MCFS,150,4,3,3,"2,1,3",0.6552683097146879,0.6679635940125082,0.4796045238402985,0.676,0.014768358000083,,0.6079506169197919,0.6195414577757133
iris,0,GSR-FS,150,4,3,4,"2,0,3,1",0.6201351808870379,0.659486892724918,0.4599482392051864,1.0,0.0452587770000718,,0.616284510544539,0.5114762469869267
iris,0,MaxVariance,150,4,3,4,"2,0,3,1",0.6201351808870379,0.659486892724918,0.4599482392051864,1.0,8.947599985731358e-05,,0.616284510544539,0.5114762469869267
iris,0,LaplacianScore,150,4,3,4,"2,3,0,1",0.6201351808870379,0.659486892724918,0.4599482392007266,1.0,0.0051249989999178,,0.616284510544539,0.5114762469869267
iris,0,MCFS,150,4,3,4,"2,1,3,0",0.6201351808870379,0.659486892724918,0.4599482392051863,1.0,0.014768358000083,,0.616284510544539,0.5114762469869267
iris,1,GSR-FS,150,4,3,3,"2,1,3",0.6552683097146879,0.6679635940125082,0.4796045238402985,0.676,0.0315049769999404,,0.6082463129660712,0.6195414577757133
iris,1,MaxVariance,150,4,3,3,"2,0,3",0.6897559431278082,0.7151056003701349,0.540517187553571,0.5526666666666665,0.0001093260000288,,0.8305415039514239,0.45040120752396895
iris,1,LaplacianScore,150,4,3,3,"2,3,0",0.6897559431278082,0.7151056003701349,0.5405171875501428,0.5526666666666665,0.0025897600000917,,0.8305415039514239,0.45040120752396895
iris,1,MCFS,150,4,3,3,"2,1,3",0.6552683097146879,0.6679635940125082,0.4796045238402985,0.676,0.0145141719999628,,0.6082463129660712,0.6195414577757133
iris,1,GSR-FS,150,4,3,4,"2,1,3,0",0.6201351808870379,0.659486892724918,0.4599482392051863,1.0,0.0315049769999404,,0.6167487933427168,0.5114762469869267
iris,1,MaxVariance,150,4,3,4,"2,0,3,1",0.6201351808870379,0.659486892724918,0.4599482392051864,1.0,0.0001093260000288,,0.6167487933427168,0.5114762469869267
iris,1,LaplacianScore,150,4,3,4,"2,3,0,1",0.6201351808870379,0.659486892724918,0.4599482392007266,1.0,0.0025897600000917,,0.6167487933427168,0.5114762469869267
iris,1,MCFS,150,4,3,4,"2,1,3,0",0.6201351808870379,0.659486892724918,0.4599482392051863,1.0,0.0145141719999628,,0.6167487933427168,0.5114762469869267
wine,0,GSR-FS,178,13,3,3,"6,11,10",0.3548955229090974,0.444056014467419,0.3879749649638995,0.2887640449438202,0.1360676659999171,,0.5697086989618043,0.671966013139346
wine,0,MaxVariance,178,13,3,3,"12,4,3",0.4048673880406486,0.3749405298959974,0.3517852223638477,0.2831460674157304,9.933699993780464e-05,,0.34097467930638775,0.8860521515378386
wine,0,LaplacianScore,178,13,3,3,"6,12,11",0.7185489440587401,0.7117155791197458,0.4938897855446033,0.2910112359550562,0.0040136969998911,,0.5089896454284799,0.7182545209923182
wine,0,MCFS,178,13,3,3,"7,6,9",0.4330711827572057,0.477769108438801,0.3649183653239464,0.3696629213483146,0.0109939799999665,,0.41372313347303974,0.8913574412207567
wine,0,GSR-FS,178,13,3,6,"6,11,10,0,3,7",0.7740093435879329,0.7551942378478822,0.332518877643895,0.5028089887640449,0.1360676659999171,,0.44822207039701323,0.7083554330030255
wine,0,MaxVariance,178,13,3,6,"12,4,3,9,1,6",0.8138999585100433,0.7750550027049014,0.3215464115195546,0.5134831460674157,9.933699993780464e-05,,0.34956661188737453,0.8184761057500087
wine,0,LaplacianScore,178,13,3,6,"6,12,11,5,9,10",0.8158075969369626,0.7944300166529287,0.393941234934722,0.4146067415730338,0.0040136969998911,,0.48817981082706186,0.5708261352754348
wine,0,MCFS,178,13,3,6,"7,6,9,12,2,11",0.8332447006160886,0.8074612874232261,0.338933712996366,0.5112359550561798,0.0109939799999665,,0.40555746884940386,0.715604210733139
wine,0,GSR-FS,178,13,3,12,"6,11,10,0,3,7,12,8,5,9,1,4",0.8470966807514034,0.8346588494891206,0.297764913137269,0.804494382022472,0.1360676659999171,,0.4088785617797796,0.568951164478437
wine,0,MaxVariance,178,13,3,12,"12,4,3,9,1,6,0,11,5,8,2,10",0.9133577991086984,0.8920222215557123,0.3012395601096188,0.8320224719101125,9.933699993780464e-05,,0.3970349797692327,0.5765412921870424
wine,0,LaplacianScore,178,13,3,12,"6,12,11,5,9,10,0,7,1,8,4,3",0.8470966807514034,0.8346588494891206,0.297764913137269,0.804494382022472,0.0040136969998911,,0.40887856177977966,0.568951164478437
wine,0,MCFS,178,13,3,12,"7,6,9,12,2,11,0,1,4,5,3,10",0.9294895312165176,0.9108532106609516,0.297167608399807,0.8623595505617978,0.0109939799999665,,0.39894312731658355,0.5811299526572051
wine,1,GSR-FS,178,13,3,3,"5,11,0",0.59971098387382,0.6179159607332204,0.4347711595970495,0.296067415730337,0.1100250649999452,,0.4761833548691042,0.8099502369817609
wine,1,MaxVariance,178,13,3,3,"12,4,3",0.4048673880406486,0.3749405298959974,0.3517852223638477,0.2831460674157304,0.0001271309999992,,0.34630717405684086,0.8860521515378386
wine,1,LaplacianScore,178,13,3,3,"6,12,11",0.7185489440587401,0.7117155791197458,0.4938897855446033,0.2910112359550562,0.0033417269999063,,0.5103443682760767,0.7182545209923182
wine,1,MCFS,178,13,3,3,"7,6,9",0.4330711827572057,0.477769108438801,0.3649183653239464,0.3696629213483146,0.0107487010000113,,0.4147360791372992,0.8913574412207567
wine,1,GSR-FS,178,13,3,6,"5,11,0,10,6,1",0.7400327640373894,0.720999334421845,0.3522648889586321,0.4359550561797752,0.1100250649999452,,0.4843324729415375,0.6098961504352335
wine,1,MaxVariance,178,13,3,6,"12,4,3,9,1,6",0.8138999585100433,0.7750550027049014,0.3215464115195546,0.5134831460674157,0.0001271309999992,,0.34761056405583723,0.8184761057500087
wine,1,LaplacianScore,178,13,3,6,"6,12,11,5,9,10",0.8158075969369626,0.7944300166529287,0.393941234934722,0.4146067415730338,0.0033417269999063,,0.48715191411318326,0.5708261352754348
wine,1,MCFS,178,13,3,6,"7,6,9,12,2,11",0.8332447006160886,0.8074612874232261,0.338933712996366,0.5112359550561798,0.0107487010000113,,0.40367832384591706,0.715604210733139
wine,1,GSR-FS,178,13,3,12,"5,11,0,10,6,1,9,3,8,7,4,12",0.8470966807514034,0.8346588494891206,0.297764913137269,0.804494382022472,0.1100250649999452,,0.4079991728552038,0.5689511644784367
wine,1,MaxVariance,178,13,3,12,"12,4,3,9,1,6,0,11,5,8,2,10",0.9133577991086984,0.8920222215557123,0.3012395601096188,0.8320224719101125,0.0001271309999992,,0.3960701135841061,0.5765412921870424
wine,1,LaplacianScore,178,13,3,12,"6,12,11,5,9,10,0,7,1,8,4,3",0.8470966807514034,0.8346588494891206,0.297764913137269,0.804494382022472,0.0033417269999063,,0.4079991728552038,0.568951164478437
wine,1,MCFS,178,13,3,12,"7,6,9,12,2,11,0,1,4,5,3,10",0.9294895312165176,0.9108532106609516,0.297167608399807,0.8623595505617978,0.0107487010000113,,0.3978414986029542,0.5811299526572051
breast_cancer,0,GSR-FS,569,30,2,2,"27,13",0.7173460913166351,0.6426376319416538,0.5723366646065208,0.1274165202108963,0.517093573000011,,0.23285352993558522,0.8583310812320546
breast_cancer,0,MaxVariance,569,30,2,2,"23,3",0.4454585657957779,0.4290391206184348,0.6961338696982821,0.1021089630931458,0.0002184190000207,,0.8924388118754789,0.5523456830114208
breast_cancer,0,LaplacianScore,569,30,2,2,"23,22",0.5124216886029304,0.481227246671795,0.6826268277933476,0.1007029876977152,0.0090943010000046,,0.9404651602877587,0.5317124543737267
breast_cancer,0,MCFS,569,30,2,2,"13,20",0.4401655405850915,0.4387704404238194,0.6697229566865661,0.1268892794376098,0.0177531960000578,,0.49227429058117295,0.7235298596428041
breast_cancer,0,GSR-FS,569,30,2,5,"27,13,29,16,3",0.6940149221624538,0.5856185548422057,0.4469060852776217,0.2843585237258348,0.517093573000011,,0.27370484190100314,0.6491507919236744
breast_cancer,0,MaxVariance,569,30,2,5,"23,3,13,22,2",0.4862299044558368,0.4607399573226907,0.6601253686505978,0.1523725834797891,0.0002184190000207,,0.7858432623217386,0.28302256755253435
breast_cancer,0,LaplacianScore,569,30,2,5,"23,22,20,3,7",0.5999195187411016,0.5510551677773322,0.6303829447574654,0.1694200351493849,0.0090943010000046,,0.8593933176789609,0.2678810508664907
breast_cancer,0,MCFS,569,30,2,5,"13,20,27,17,7",0.6879539778543862,0.5828380718195778,0.5131549214102303,0.2409490333919156,0.0177531960000578,,0.4675909089949011,0.47684801970250923
breast_cancer,0,GSR-FS,569,30,2,10,"27,13,29,16,3,5,28,4,19,14",0.4972189221909986,0.3783365620630049,0.3482544088318681,0.4627416520210896,0.517093573000011,,0.2807063049704727,0.5310059603738293
breast_cancer,0,MaxVariance,569,30,2,10,"23,3,13,22,2,21,20,1,0,12",0.5230515703671972,0.4895829798795305,0.531849591423839,0.2279437609841828,0.0002184190000207,,0.6086356364042698,0.23089895283806122
breast_cancer,0,LaplacianScore,569,30,2,10,"23,22,20,3,7,2,6,0,13,27",0.6169528919271422,0.5650044971697553,0.5849837624977544,0.2451669595782074,0.0090943010000046,,0.7379065794800562,0.18166339641835147
breast_cancer,0,MCFS,569,30,2,10,"13,20,27,17,7,24,11,8,1,5",0.6710087402296664,0.5504474976421375,0.3549526008390726,0.5126537785588752,0.0177531960000578,,0.3736726651671822,0.5030021782615174
breast_cancer,0,GSR-FS,569,30,2,15,"27,13,29,16,3,5,28,4,19,14,1,8,17,18,26",0.4716649042982357,0.3575436940842989,0.3209576788515856,0.6460456942003514,0.517093573000011,,0.31339583250890574,0.4529399930240897
breast_cancer,0,MaxVariance,569,30,2,15,"23,3,13,22,2,21,20,1,0,12,11,10,26,25,6",0.6167928762306624,0.5777524400742441,0.4529228078381425,0.4015817223198594,0.0002184190000207,,0.4863103602893584,0.23491510987197567
breast_cancer,0,LaplacianScore,569,30,2,15,"23,22,20,3,7,2,6,0,13,27,5,25,26,21,10",0.6990792749004934,0.634676505763971,0.4982103921182074,0.4182776801405975,0.0090943010000046,,0.5749793639754955,0.1894780504677252
breast_cancer,0,MCFS,569,30,2,15,"13,20,27,17,7,24,11,8,1,5,4,9,6,3,2",0.6592305570949524,0.5403814627831327,0.360699240468768,0.6005272407732865,0.0177531960000578,,0.4193930745691921,0.33941348893783285
breast_cancer,1,GSR-FS,569,30,2,2,"7,29",0.4766687810739982,0.3618376889212243,0.4958590674589239,0.1377855887521968,0.4504527910000888,,0.2668666520328717,0.9327806771646391
breast_cancer,1,MaxVariance,569,30,2,2,"23,3",0.4454585657957779,0.4290391206184348,0.6961338696982821,0.1021089630931458,0.0002153359998828,,0.8837830620191958,0.5523456830114208
breast_cancer,1,LaplacianScore,569,30,2,2,"23,22",0.5124216886029304,0.481227246671795,0.6826268277933476,0.1007029876977152,0.0249841560000732,,0.9396923334009698,0.5317124543737267
breast_cancer,1,MCFS,569,30,2,2,"13,20",0.4401655405850915,0.4387704404238194,0.6697229566865661,0.1268892794376098,0.0161306039999544,,0.4764280601023762,0.7235298596428041
breast_cancer,1,GSR-FS,569,30,2,5,"7,29,13,17,9",0.4153402545361167,0.3036775079055702,0.3975228077796662,0.2713532513181019,0.4504527910000888,,0.2910749823948494,0.6721665620174613
breast_cancer,1,MaxVariance,569,30,2,5,"23,3,13,22,2",0.4862299044558368,0.4607399573226907,0.6601253686505978,0.1523725834797891,0.0002153359998828,,0.7819622851393454,0.28302256755253435
breast_cancer,1,LaplacianScore,569,30,2,5,"23,22,20,3,7",0.5999195187411016,0.5510551677773323,0.6303829447574654,0.1694200351493849,0.0249841560000732,,0.8503347599617849,0.2678810508664907
breast_cancer,1,MCFS,569,30,2,5,"13,20,27,17,7",0.6879539778543862,0.5828380718195778,0.5131549214102303,0.2409490333919156,0.0161306039999544,,0.4565669154450916,0.47684801970250923
breast_cancer,1,GSR-FS,569,30,2,10,"7,29,13,17,9,26,20,19,28,16",0.5018693425938544,0.3845389044087711,0.3844980450188841,0.4003514938488576,0.4504527910000888,,0.3227273636976138,0.4587971535821677
breast_cancer,1,MaxVariance,569,30,2,10,"23,3,13,22,2,21,20,1,0,12",0.5230515703671972,0.4895829798795305,0.531849591423839,0.2279437609841828,0.0002153359998828,,0.6056990247065357,0.23089895283806122
breast_cancer,1,LaplacianScore,569,30,2,10,"23,22,20,3,7,2,6,0,13,27",0.6169528919271422,0.5650044971697554,0.5849837624977544,0.2451669595782074,0.0249841560000732,,0.7301616504510053,0.18166339641835147
breast_cancer,1,MCFS,569,30,2,10,"13,20,27,17,7,24,11,8,1,5",0.6710087402296664,0.5504474976421375,0.3549526008390726,0.5126537785588752,0.0161306039999544,,0.37383894458818384,0.5030021782615174
breast_cancer,1,GSR-FS,569,30,2,15,"7,29,13,17,9,26,20,19,28,16,4,11,8,5,18",0.4185212498436215,0.3109462963875449,0.3368540228792372,0.5711775043936731,0.4504527910000888,,0.3301667244693688,0.4175211020103902
breast_cancer,1,MaxVariance,569,30,2,15,"23,3,13,22,2,21,20,1,0,12,11,10,26,25,6",0.6167928762306624,0.5777524400742441,0.4529228078381425,0.4015817223198594,0.0002153359998828,,0.4823953221300419,0.23491510987197567
breast_cancer,1,LaplacianScore,569,30,2,15,"23,22,20,3,7,2,6,0,13,27,5,25,26,21,10",0.6990792749004934,0.634676505763971,0.4982103921182074,0.4182776801405975,0.0249841560000732,,0.565010379803428,0.1894780504677252
breast_cancer,1,MCFS,569,30,2,15,"13,20,27,17,7,24,11,8,1,5,4,9,6,3,2",0.6592305570949524,0.5403814627831327,0.360699240468768,0.6005272407732865,0.0161306039999544,,0.420298459785443,0.33941348893783285
digits,0,GSR-FS,1797,64,10,10,"54,34,58,22,3,50,45,28,21,37",0.3724500524984326,0.4957022403260731,0.1965871702736407,0.332943795214246,6.508255265999878,,0.40177669202420857,0.8159331868845412
digits,0,MaxVariance,1797,64,10,10,"42,43,34,35,44,21,26,20,28,13",0.4068169215225802,0.555538917125663,0.239891998835363,0.2900389538119087,0.0006986900000356,,0.49008296033525467,0.6934686820119133
digits,0,LaplacianScore,1797,64,10,10,"0,32,39,56,31,24,16,8,63,40",0.0014622913848015,0.0525475749554436,0.9660319664674286,0.0192543127434613,0.0488632859999143,,0.02149413548777636,0.6594969769774113
digits,0,MCFS,1797,64,10,10,"8,31,16,28,63,36,52,60,24,33",0.2218798020657278,0.3714313770466376,0.3038744763423309,0.1404006677796327,0.1237992869998834,,0.13338259729006477,0.9151241614431285
digits,0,GSR-FS,1797,64,10,20,"54,34,58,22,3,50,45,28,21,37,38,35,10,14,30,62,53,46,43,20",0.4515688104472564,0.5938091845488785,0.1909753712897609,0.4770172509738453,6.508255265999878,,0.3895867531097782,0.6414160928336784
digits,0,MaxVariance,1797,64,10,20,"42,43,34,35,44,21,26,20,28,13,53,36,61,27,29,37,19,45,18,5",0.6373570495607223,0.7113285621806196,0.2022506832141758,0.4695603784084585,0.0006986900000356,,0.46388684914297057,0.6171316275551533
digits,0,LaplacianScore,1797,64,10,20,"0,32,39,56,31,24,16,8,63,40,47,28,42,43,44,36,53,21,30,20",0.2496295991923978,0.4310633088310009,0.228645643058964,0.2961046188091263,0.0488632859999143,,0.1106641261473423,0.7150003602419531
digits,0,MCFS,1797,64,10,20,"8,31,16,28,63,36,52,60,24,33,43,62,27,54,48,23,13,42,26,9",0.3107467176283375,0.4747348075035824,0.1802309825879272,0.3880356149137451,0.1237992869998834,,0.1981890847238785,0.7859498399012708
digits,0,GSR-FS,1797,64,10,32,"54,34,58,22,3,50,45,28,21,37,38,35,10,14,30,62,53,46,43,20,44,61,13,2,41,5,26,60,25,9,19,59",0.5552188421494066,0.670257992175565,0.1877785850430194,0.6452420701168614,6.508255265999878,,0.3882173908642189,0.5288963274635401
digits,0,MaxVariance,1797,64,10,32,"42,43,34,35,44,21,26,20,28,13,53,36,61,27,29,37,19,45,18,5,50,10,52,51,58,60,54,12,2,59,46,4",0.6291182196123452,0.7079926054824871,0.1855158278367479,0.6142459654980524,0.0006986900000356,,0.43525465248877004,0.5319676607729421
digits,0,LaplacianScore,1797,64,10,32,"0,32,39,56,31,24,16,8,63,40,47,28,42,43,44,36,53,21,30,20,15,46,26,7,62,33,34,54,13,61,35,37",0.450946738356185,0.6102089950005678,0.1960342814963182,0.4621035058430717,0.0488632859999143,,0.17703348628860377,0.6023581641277675
digits,0,MCFS,1797,64,10,32,"8,31,16,28,63,36,52,60,24,33,43,62,27,54,48,23,13,42,26,9,30,46,34,29,19,12,41,37,58,2,4,10",0.4804786873103341,0.6144698888696011,0.1767498313809728,0.5904284919309961,0.1237992869998834,,0.2635809182619193,0.6398354750999378
digits,0,GSR-FS,1797,64,10,40,"54,34,58,22,3,50,45,28,21,37,38,35,10,14,30,62,53,46,43,20,44,61,13,2,41,5,26,60,25,9,19,59,4,51,6,49,42,29,27,12",0.5619336976977547,0.6922715147824222,0.1757297764622087,0.7473567056204786,6.508255265999878,,0.37508543550270035,0.5066623113698332
digits,0,MaxVariance,1797,64,10,40,"42,43,34,35,44,21,26,20,28,13,53,36,61,27,29,37,19,45,18,5,50,10,52,51,58,60,54,12,2,59,46,4,3,62,11,30,14,17,38,33",0.6328578806894564,0.7140143704347909,0.1777513345910877,0.7283806343906511,0.0006986900000356,,0.4046919714642213,0.5003517200215849
digits,0,LaplacianScore,1797,64,10,40,"0,32,39,56,31,24,16,8,63,40,47,28,42,43,44,36,53,21,30,20,15,46,26,7,62,33,34,54,13,61,35,37,10,23,58,60,55,29,2,45",0.4080129301615969,0.5792077632165303,0.1779382359862297,0.55559265442404,0.0488632859999143,,0.19734892066303647,0.5491941032824073
digits,0,MCFS,1797,64,10,40,"8,31,16,28,63,36,52,60,24,33,43,62,27,54,48,23,13,42,26,9,30,46,34,29,19,12,41,37,58,2,4,10,50,61,51,20,21,44,35,5",0.4848378394785503,0.6208821867842289,0.1722762805547852,0.6634390651085142,0.1237992869998834,,0.2969368551302448,0.56453068281339
digits,1,GSR-FS,1797,64,10,10,"34,58,61,22,43,10,29,44,25,59",0.3543795505797273,0.4872132460333351,0.1909176680667356,0.3212020033388981,5.841597839000087,,0.40468553549160635,0.7785689786109127
digits,1,MaxVariance,1797,64,10,10,"42,43,34,35,44,21,26,20,28,13",0.4039145800264956,0.5517043387531188,0.2402704930386774,0.2900389538119087,0.0008424229999945,,0.4915521583085859,0.6934686820119133
digits,1,LaplacianScore,1797,64,10,10,"0,32,39,56,31,24,16,8,63,40",0.0014622913848015,0.0525475749554436,0.9660319664674286,0.0192543127434613,0.0175122970001666,,0.023834607502779707,0.6594969769774113
digits,1,MCFS,1797,64,10,10,"8,31,16,28,63,36,52,60,24,33",0.2217877945805425,0.3709673682549307,0.3040304011993577,0.1404006677796327,0.0986430210000435,,0.1323063295244103,0.9151241614431285
digits,1,GSR-FS,1797,64,10,20,"34,58,61,22,43,10,29,44,25,59,13,50,26,6,20,53,33,36,54,45",0.5377184180947459,0.6415260098716833,0.1882230899820221,0.5212020033388981,5.841597839000087,,0.40052631090246915,0.6528967611800616
digits,1,MaxVariance,1797,64,10,20,"42,43,34,35,44,21,26,20,28,13,53,36,61,27,29,37,19,45,18,5",0.6346743325374447,0.70997359759596,0.2023023041667618,0.4695603784084585,0.0008424229999945,,0.46439767247429264,0.6171316275551533
digits,1,LaplacianScore,1797,64,10,20,"0,32,39,56,31,24,16,8,63,40,47,28,42,43,44,36,53,21,30,20",0.2496398622623743,0.4302652314197464,0.227578632232666,0.2961046188091263,0.0175122970001666,,0.11156367539134698,0.7150003602419531
digits,1,MCFS,1797,64,10,20,"8,31,16,28,63,36,52,60,24,33,43,62,27,54,48,23,13,42,26,9",0.3146027625793541,0.4794818577197416,0.1765734016326667,0.3880356149137451,0.0986430210000435,,0.19747081943827313,0.7859498399012708
digits,1,GSR-FS,1797,64,10,32,"34,58,61,22,43,10,29,44,25,59,13,50,26,6,20,53,33,36,54,45,30,9,19,51,42,5,2,38,18,60,21,27",0.6670837209975253,0.7308786606328439,0.1797038965244089,0.6604897050639955,5.841597839000087,,0.4022679447433712,0.5391452015343801
digits,1,MaxVariance,1797,64,10,32,"42,43,34,35,44,21,26,20,28,13,53,36,61,27,29,37,19,45,18,5,50,10,52,51,58,60,54,12,2,59,46,4",0.6264596559932475,0.7068928510070044,0.1854390779761408,0.6142459654980524,0.0008424229999945,,0.4349132997800546,0.5319676607729421
digits,1,LaplacianScore,1797,64,10,32,"0,32,39,56,31,24,16,8,63,40,47,28,42,43,44,36,53,21,30,20,15,46,26,7,62,33,34,54,13,61,35,37",0.389072786412005,0.5747777087600998,0.1995791573545113,0.4621035058430717,0.0175122970001666,,0.17753908071296715,0.6023581641277675
digits,1,MCFS,1797,64,10,32,"8,31,16,28,63,36,52,60,24,33,43,62,27,54,48,23,13,42,26,9,30,46,34,29,19,12,41,37,58,2,4,10",0.4787559551993596,0.6164799745810707,0.1799836950578879,0.5904284919309961,0.0986430210000435,,0.2627496473442528,0.6398354750999378
digits,1,GSR-FS,1797,64,10,40,"34,58,61,22,43,10,29,44,25,59,13,50,26,6,20,53,33,36,54,45,30,9,19,51,42,5,2,38,18,60,21,27,17,37,35,3,62,41,28,49",0.6621633054949293,0.7345994066148769,0.1723973459394384,0.7353923205342237,5.841597839000087,,0.3806480749094447,0.4958172824503676
digits,1,MaxVariance,1797,64,10,40,"42,43,34,35,44,21,26,20,28,13,53,36,61,27,29,37,19,45,18,5,50,10,52,51,58,60,54,12,2,59,46,4,3,62,11,30,14,17,38,33",0.6254868203048147,0.7101369587690247,0.1772289799516546,0.7283806343906511,0.0008424229999945,,0.4050131277880277,0.5003517200215849
digits,1,LaplacianScore,1797,64,10,40,"0,32,39,56,31,24,16,8,63,40,47,28,42,43,44,36,53,21,30,20,15,46,26,7,62,33,34,54,13,61,35,37,10,23,58,60,55,29,2,45",0.4690752156385988,0.62269947900661,0.1832284963150411,0.55559265442404,0.0175122970001666,,0.19794279276977042,0.5491941032824073
digits,1,MCFS,1797,64,10,40,"8,31,16,28,63,36,52,60,24,33,43,62,27,54,48,23,13,42,26,9,30,46,34,29,19,12,41,37,58,2,4,10,50,61,51,20,21,44,35,5",0.5521269406270057,0.6718208050668106,0.1788938998950861,0.6634390651085142,0.0986430210000435,,0.29667196089328024,0.56453068281339
