scenario,method,mean_jaccard,std_jaccard
redundant_blocks,GSR-FS,0.36904761904761907,0.32537262782658216
redundant_blocks,LaplacianScore,1.0,0.0
redundant_blocks,MCFS,0.15476190476190474,0.16624095290201119
nonlinear_moons,GSR-FS,0.3571428571428572,0.33248190580402237
nonlinear_moons,LaplacianScore,0.6428571428571429,0.33248190580402237
nonlinear_moons,MCFS,0.4404761904761904,0.30929478706587094
outlier_contamination,GSR-FS,0.11904761904761905,0.15971914124998496
outlier_contamination,LaplacianScore,1.0,0.0
outlier_contamination,MCFS,0.7142857142857143,0.32991443953692906
