dataset,panel_status,source,seed,fold,split_kind,method,implementation_source,n_samples,n_raw_features,n_encoded_features,n_classes,k,selected,balanced_accuracy,macro_f1,accuracy,selector_fit_seconds,error
framing_congress_message,gate_extension_v014,"Brader, Valentino & Suhay (2008) framing experiment via statsmodels mediation reference data",0,0,stratified,GSR-FS,native_or_local,265,6,10,2,4,"8,0,5,1",0.6223163841807909,0.6147186147186148,0.6404494382022472,0.04669068899966078,
framing_congress_message,gate_extension_v014,"Brader, Valentino & Suhay (2008) framing experiment via statsmodels mediation reference data",0,0,stratified,MaxVariance,native_or_local,265,6,10,2,4,"6,3,0,2",0.6392655367231639,0.634046052631579,0.6629213483146067,0.00012185599916847423,
framing_congress_message,gate_extension_v014,"Brader, Valentino & Suhay (2008) framing experiment via statsmodels mediation reference data",0,0,stratified,LaplacianScore-scikit-feature,scikit-feature:similarity_based/lap_score.py+upstream_default_W_workaround,265,6,10,2,4,"6,7,4,5",0.6387005649717514,0.6232804232804232,0.6404494382022472,0.006160562003060477,
framing_congress_message,gate_extension_v014,"Brader, Valentino & Suhay (2008) framing experiment via statsmodels mediation reference data",0,0,stratified,SPEC-scikit-feature,scikit-feature:similarity_based/SPEC.py,265,6,10,2,4,"3,0,2,1",0.6641242937853107,0.6529514589216081,0.6741573033707865,0.0512978299993847,
framing_congress_message,gate_extension_v014,"Brader, Valentino & Suhay (2008) framing experiment via statsmodels mediation reference data",0,0,stratified,MCFS-scikit-feature-k5,scikit-feature:sparse_learning_based/MCFS.py,265,6,10,2,4,"6,7,8,5",0.6290960451977401,0.5823715916296766,0.5842696629213483,0.07136964999881457,
framing_congress_message,gate_extension_v014,"Brader, Valentino & Suhay (2008) framing experiment via statsmodels mediation reference data",0,1,stratified,GSR-FS,native_or_local,265,6,10,2,4,"8,5,0,1",0.6665692577440093,0.6505545666164589,0.6704545454545454,0.05802663499707705,
framing_congress_message,gate_extension_v014,"Brader, Valentino & Suhay (2008) framing experiment via statsmodels mediation reference data",0,1,stratified,MaxVariance,native_or_local,265,6,10,2,4,"0,8,9,2",0.7267679719462303,0.7020181498036029,0.7159090909090909,9.248800051864237e-05,
framing_congress_message,gate_extension_v014,"Brader, Valentino & Suhay (2008) framing experiment via statsmodels mediation reference data",0,1,stratified,LaplacianScore-scikit-feature,scikit-feature:similarity_based/lap_score.py+upstream_default_W_workaround,265,6,10,2,4,"6,4,7,5",0.5718877849210988,0.567354965585054,0.6022727272727273,0.002802576000249246,
framing_congress_message,gate_extension_v014,"Brader, Valentino & Suhay (2008) framing experiment via statsmodels mediation reference data",0,1,stratified,SPEC-scikit-feature,scikit-feature:similarity_based/SPEC.py,265,6,10,2,4,"3,2,0,1",0.6239041496201052,0.6066639577407558,0.625,0.032102943001518724,
framing_congress_message,gate_extension_v014,"Brader, Valentino & Suhay (2008) framing experiment via statsmodels mediation reference data",0,1,stratified,MCFS-scikit-feature-k5,scikit-feature:sparse_learning_based/MCFS.py,265,6,10,2,4,"6,4,8,7",0.5902980713033315,0.56,0.5681818181818182,0.048655431000952376,
framing_congress_message,gate_extension_v014,"Brader, Valentino & Suhay (2008) framing experiment via statsmodels mediation reference data",0,2,stratified,GSR-FS,native_or_local,265,6,10,2,4,"8,4,0,2",0.7180011689070719,0.6987539367383268,0.7159090909090909,0.035026658999413485,
framing_congress_message,gate_extension_v014,"Brader, Valentino & Suhay (2008) framing experiment via statsmodels mediation reference data",0,2,stratified,MaxVariance,native_or_local,265,6,10,2,4,"3,5,2,8",0.6674459380479252,0.6294736842105264,0.6363636363636364,8.45200011099223e-05,
framing_congress_message,gate_extension_v014,"Brader, Valentino & Suhay (2008) framing experiment via statsmodels mediation reference data",0,2,stratified,LaplacianScore-scikit-feature,scikit-feature:similarity_based/lap_score.py+upstream_default_W_workaround,265,6,10,2,4,"6,7,4,5",0.537989479836353,0.5300561413117897,0.5568181818181818,0.002977525997266639,
framing_congress_message,gate_extension_v014,"Brader, Valentino & Suhay (2008) framing experiment via statsmodels mediation reference data",0,2,stratified,SPEC-scikit-feature,scikit-feature:similarity_based/SPEC.py,265,6,10,2,4,"3,2,0,1",0.6925774400935125,0.6679245283018868,0.6818181818181818,0.007237016998260515,
framing_congress_message,gate_extension_v014,"Brader, Valentino & Suhay (2008) framing experiment via statsmodels mediation reference data",0,2,stratified,MCFS-scikit-feature-k5,scikit-feature:sparse_learning_based/MCFS.py,265,6,10,2,4,"6,7,5,8",0.537989479836353,0.5300561413117897,0.5568181818181818,0.12830921500062686,
