dataset,openml_dataset_id,panel_status,source_file,seed,fold,method,implementation_source,n_samples,n_raw_features,n_encoded_features,n_classes,k,selected,balanced_accuracy,macro_f1,accuracy,selector_fit_seconds,error
openml3_kr_vs_kp,3,openml_fixture_extension_v014,/opt/pyvenv/lib/python3.13/site-packages/sklearn/datasets/tests/data/openml/id_3/data-v1-dl-3.arff.gz,0,0,GSR-FS,native_or_local,900,36,72,2,9,"68,16,20,39,35,66,60,62,12",0.6004951157500334,0.6005594405594405,0.6033333333333334,0.6442087550003635,
openml3_kr_vs_kp,3,openml_fixture_extension_v014,/opt/pyvenv/lib/python3.13/site-packages/sklearn/datasets/tests/data/openml/id_3/data-v1-dl-3.arff.gz,0,0,MaxVariance,native_or_local,900,36,72,2,9,"43,44,71,70,17,16,60,61,29",0.5903920781479994,0.5863725315780111,0.5866666666666667,0.019136938999508857,
openml3_kr_vs_kp,3,openml_fixture_extension_v014,/opt/pyvenv/lib/python3.13/site-packages/sklearn/datasets/tests/data/openml/id_3/data-v1-dl-3.arff.gz,0,0,LaplacianScore-scikit-feature,scikit-feature:similarity_based/lap_score.py+upstream_default_W_workaround,900,36,72,2,9,"57,56,34,33,5,4,62,63,3",0.5583433694634016,0.477533960292581,0.5833333333333334,0.21938908999982232,
openml3_kr_vs_kp,3,openml_fixture_extension_v014,/opt/pyvenv/lib/python3.13/site-packages/sklearn/datasets/tests/data/openml/id_3/data-v1-dl-3.arff.gz,0,0,SPEC-scikit-feature,scikit-feature:similarity_based/SPEC.py,900,36,72,2,9,"55,11,10,48,47,65,64,12,13",0.7347785360631607,0.7332266239829266,0.7333333333333333,0.3166886239996529,
openml3_kr_vs_kp,3,openml_fixture_extension_v014,/opt/pyvenv/lib/python3.13/site-packages/sklearn/datasets/tests/data/openml/id_3/data-v1-dl-3.arff.gz,0,0,MCFS-scikit-feature-k5,scikit-feature:sparse_learning_based/MCFS.py,900,36,72,2,9,"4,53,58,21,63,68,22,70,5",0.5543289174361032,0.5328218243819267,0.5433333333333333,0.43959464999898046,
openml3_kr_vs_kp,3,openml_fixture_extension_v014,/opt/pyvenv/lib/python3.13/site-packages/sklearn/datasets/tests/data/openml/id_3/data-v1-dl-3.arff.gz,0,1,GSR-FS,native_or_local,900,36,73,2,9,"20,47,67,69,61,0,29,12,35",0.6592399304161649,0.6566628518094646,0.6566666666666666,0.6172662460012361,
openml3_kr_vs_kp,3,openml_fixture_extension_v014,/opt/pyvenv/lib/python3.13/site-packages/sklearn/datasets/tests/data/openml/id_3/data-v1-dl-3.arff.gz,0,1,MaxVariance,native_or_local,900,36,73,2,9,"6,7,23,22,30,71,72,20,21",0.6059815335206744,0.5670995670995671,0.59,0.01056628200058185,
openml3_kr_vs_kp,3,openml_fixture_extension_v014,/opt/pyvenv/lib/python3.13/site-packages/sklearn/datasets/tests/data/openml/id_3/data-v1-dl-3.arff.gz,0,1,LaplacianScore-scikit-feature,scikit-feature:similarity_based/lap_score.py+upstream_default_W_workaround,900,36,73,2,9,"57,58,34,33,63,64,4,5,2",0.5756724207145725,0.503968253968254,0.6,0.12526498300030653,
openml3_kr_vs_kp,3,openml_fixture_extension_v014,/opt/pyvenv/lib/python3.13/site-packages/sklearn/datasets/tests/data/openml/id_3/data-v1-dl-3.arff.gz,0,1,SPEC-scikit-feature,scikit-feature:similarity_based/SPEC.py,900,36,73,2,9,"10,11,48,47,65,66,24,25,8",0.6933627726482001,0.6938054486927848,0.6966666666666667,0.2605438390000927,
openml3_kr_vs_kp,3,openml_fixture_extension_v014,/opt/pyvenv/lib/python3.13/site-packages/sklearn/datasets/tests/data/openml/id_3/data-v1-dl-3.arff.gz,0,1,MCFS-scikit-feature-k5,scikit-feature:sparse_learning_based/MCFS.py,900,36,73,2,9,"33,45,5,63,69,16,22,60,18",0.7357821490699853,0.7356949164178079,0.7433333333333333,0.40202902700002596,
openml3_kr_vs_kp,3,openml_fixture_extension_v014,/opt/pyvenv/lib/python3.13/site-packages/sklearn/datasets/tests/data/openml/id_3/data-v1-dl-3.arff.gz,0,2,GSR-FS,native_or_local,900,36,73,2,9,"69,35,20,29,16,0,61,59,47",0.5915964137561889,0.5857645539174201,0.5866666666666667,0.6103137589998369,
openml3_kr_vs_kp,3,openml_fixture_extension_v014,/opt/pyvenv/lib/python3.13/site-packages/sklearn/datasets/tests/data/openml/id_3/data-v1-dl-3.arff.gz,0,2,MaxVariance,native_or_local,900,36,73,2,9,"43,44,17,16,40,39,72,71,67",0.6028368794326241,0.6026936026936027,0.6066666666666667,0.010952073000225937,
openml3_kr_vs_kp,3,openml_fixture_extension_v014,/opt/pyvenv/lib/python3.13/site-packages/sklearn/datasets/tests/data/openml/id_3/data-v1-dl-3.arff.gz,0,2,LaplacianScore-scikit-feature,scikit-feature:similarity_based/lap_score.py+upstream_default_W_workaround,900,36,73,2,9,"58,57,33,34,64,63,4,5,21",0.5564030509835407,0.4865246685503152,0.58,0.13260905700008152,
openml3_kr_vs_kp,3,openml_fixture_extension_v014,/opt/pyvenv/lib/python3.13/site-packages/sklearn/datasets/tests/data/openml/id_3/data-v1-dl-3.arff.gz,0,2,SPEC-scikit-feature,scikit-feature:similarity_based/SPEC.py,900,36,73,2,9,"10,11,48,47,65,66,24,25,8",0.6846647932557206,0.6846709388668497,0.69,0.33483964699917124,
openml3_kr_vs_kp,3,openml_fixture_extension_v014,/opt/pyvenv/lib/python3.13/site-packages/sklearn/datasets/tests/data/openml/id_3/data-v1-dl-3.arff.gz,0,2,MCFS-scikit-feature-k5,scikit-feature:sparse_learning_based/MCFS.py,900,36,73,2,9,"33,45,64,20,4,61,63,69,14",0.6413087113608993,0.6378269617706237,0.65,0.42438147999928333,
