scenario,seed,n_selected,selected,group_coverage,relevant_precision,redundancy_rate,auto_threshold
outlier_contamination,0,22,"6,3,23,12,21,17,11,14,9,20,5,13,18,16,19,8,10,0,22,15,4,7",1.0,0.09090909090909091,0.0,2.205033165268387
outlier_contamination,1,22,"19,2,7,5,10,13,9,20,22,15,8,3,21,16,18,14,4,11,12,17,23,6",1.0,0.09090909090909091,0.0,1.7809493570183366
outlier_contamination,2,21,"0,11,20,1,16,23,13,14,8,4,21,10,9,22,7,6,17,15,18,19,12",1.0,0.09523809523809523,0.0,2.220015116620126
outlier_contamination,3,22,"17,0,15,19,8,11,18,23,10,21,22,5,20,13,12,9,14,3,16,7,6,4",1.0,0.09090909090909091,0.0,2.061556621875004
outlier_contamination,4,22,"22,2,10,16,4,9,21,18,5,14,17,6,13,7,15,19,12,20,23,11,8,3",1.0,0.09090909090909091,0.0,1.907164711434493
outlier_contamination,5,22,"19,0,10,4,9,18,12,22,20,5,11,6,7,1,8,15,23,21,13,14,16,17",1.0,0.09090909090909091,0.0,1.649312762980768
outlier_contamination,6,22,"14,16,0,11,19,12,13,23,7,15,22,21,5,8,10,6,20,1,18,9,17,4",1.0,0.09090909090909091,0.0,1.9876208575268095
outlier_contamination,7,22,"14,2,5,13,19,12,8,17,10,18,21,6,16,22,7,4,23,20,9,15,11,1",1.0,0.09090909090909091,0.0,1.8164097765999105
outlier_contamination,8,21,"18,3,8,17,5,22,13,4,14,0,9,20,6,23,21,7,15,12,16,11,19",1.0,0.09523809523809523,0.0,2.2072023198664117
outlier_contamination,9,22,"2,17,15,11,23,10,21,6,5,20,18,16,22,4,9,13,12,19,8,7,14,3",1.0,0.09090909090909091,0.0,2.3290895625460077
outlier_contamination,10,22,"13,0,9,14,20,18,6,21,23,15,10,16,19,8,12,4,17,22,7,5,1,11",1.0,0.09090909090909091,0.0,2.1082441699072665
outlier_contamination,11,22,"11,0,8,22,20,13,4,14,6,5,16,17,18,7,15,12,9,10,1,23,21,19",1.0,0.09090909090909091,0.0,2.042563015639119
outlier_contamination,12,21,"2,4,11,8,15,6,19,14,17,18,10,16,12,20,22,3,21,7,13,23,9",1.0,0.09523809523809523,0.0,2.29741062044047
outlier_contamination,13,22,"0,14,12,13,5,19,8,15,18,22,21,17,10,20,9,11,4,23,7,3,16,6",1.0,0.09090909090909091,0.0,1.9281165303515766
outlier_contamination,14,22,"0,9,16,5,4,3,13,7,14,23,20,18,17,22,12,19,10,21,6,8,11,15",1.0,0.09090909090909091,0.0,1.7723873035243054
