domain,case,seed,gamma,k,group_coverage,relevant_precision,redundancy_rate,nmi,ari,knn_preservation,geometry_redundancy,normalized_effective_rank,fit_seconds
synthetic,redundant_blocks,0,0.0,2,0.5,1.0,0.5,0.8313390685033303,0.9020903361344538,0.08833333333333335,0.9992597422675311,0.500976235838582,0.07835532000035528
synthetic,redundant_blocks,1,0.0,2,1.0,1.0,0.0,1.0,1.0,0.10166666666666666,0.8436178820702755,0.6009814929734881,0.06809638999993695
synthetic,redundant_blocks,2,0.0,2,1.0,1.0,0.0,1.0,1.0,0.09791666666666667,0.7838242652863837,0.6369511642123454,0.07284125499973015
synthetic,nonlinear_moons,0,0.0,2,0.5,1.0,0.5,0.4067302529845113,0.4762785834339127,0.08291666666666667,0.9574792603782808,0.539089492972583,0.0705668290001995
synthetic,nonlinear_moons,1,0.0,2,1.0,1.0,0.0,0.3696925920028102,0.4647047152194211,0.10958333333333335,0.4039719361922514,0.906962951868759,0.06399865100001989
synthetic,nonlinear_moons,2,0.0,2,1.0,1.0,0.0,0.5390203550813273,0.6120243067590482,0.13458333333333336,0.4403565050433061,0.8914609515813786,0.08871462900015104
synthetic,three_factor_blobs,0,0.0,3,0.6666666666666666,1.0,0.3333333333333333,0.970191155455844,0.9800680223095938,0.09966666666666667,0.6210514072921529,0.5821283978572575,0.10539336300007562
synthetic,three_factor_blobs,1,0.0,3,0.6666666666666666,1.0,0.3333333333333333,1.0,1.0,0.10533333333333332,0.6112624033631717,0.5901116981384381,0.1071283820001554
synthetic,three_factor_blobs,2,0.0,3,0.6666666666666666,1.0,0.3333333333333333,0.9589753057921956,0.9702555619013858,0.09633333333333333,0.6013369677064279,0.5966743770595101,0.12008273299989014
synthetic,scale_trap,0,0.0,2,1.0,1.0,0.0,0.9650394086394253,0.983333135570158,0.075,0.7516156828047903,0.6574051570878764,0.060367335000137246
synthetic,scale_trap,1,0.0,2,1.0,1.0,0.0,1.0,1.0,0.08875000000000001,0.7691627068757448,0.6495579212414995,0.05839977200002977
synthetic,scale_trap,2,0.0,2,0.5,0.5,0.0,0.965190835386994,0.9833331514562258,0.09375,0.38411435900334123,0.9993766387067887,0.05822004299989203
synthetic,outlier_contamination,0,0.0,2,0.0,0.0,0.0,0.0018852073744996046,-0.00013717385245499056,0.07458333333333332,0.5170139515761852,0.9992131438667661,0.06218374099989887
synthetic,outlier_contamination,1,0.0,2,0.0,0.0,0.0,0.0,-0.00027436628363893396,0.07541666666666666,0.3524425310496895,0.9986468505909167,0.06494461400006912
synthetic,outlier_contamination,2,0.0,2,0.0,0.0,0.0,0.01073306280125502,0.0005721356007888959,0.06791666666666665,0.3028568568005638,0.9297893445619136,0.08124038300002212
synthetic,null_independent,0,0.0,2,,,,0.0010406040772993385,-0.0024405107511419567,0.09333333333333332,0.35023276927621866,0.9931590863082134,0.08215311699996164
synthetic,null_independent,1,0.0,2,,,,0.004216545249044635,0.0014584915510430026,0.08416666666666668,0.33974309241630996,0.9945229862483711,0.06309191599984842
synthetic,null_independent,2,0.0,2,,,,0.010027467177551413,0.009523264892647362,0.08416666666666668,0.3430697733480479,0.9854770717336281,0.06417830500004129
synthetic,redundant_blocks,0,0.25,2,1.0,1.0,0.0,0.9652092580173347,0.9833330464130934,0.09000000000000001,0.7986569633860179,0.6282549543531615,0.07577816599996368
synthetic,redundant_blocks,1,0.25,2,1.0,1.0,0.0,1.0,1.0,0.10166666666666666,0.8436178820702755,0.6009814929734881,0.06494434900014312
synthetic,redundant_blocks,2,0.25,2,1.0,1.0,0.0,1.0,1.0,0.09791666666666667,0.7838242652863837,0.6369511642123454,0.06586519800021051
synthetic,nonlinear_moons,0,0.25,2,1.0,1.0,0.0,0.3805167210027967,0.4647353267611913,0.13500000000000004,0.4322076818522291,0.8958345858265983,0.06440750000001572
synthetic,nonlinear_moons,1,0.25,2,1.0,1.0,0.0,0.3696925920028102,0.4647047152194211,0.10958333333333335,0.4039719361922514,0.906962951868759,0.06396398699962447
synthetic,nonlinear_moons,2,0.25,2,1.0,1.0,0.0,0.5390203550813273,0.6120243067590482,0.13458333333333336,0.4403565050433061,0.8914609515813786,0.06589524400033042
synthetic,three_factor_blobs,0,0.25,3,1.0,1.0,0.0,1.0,1.0,0.10233333333333333,0.45718488906406574,0.7548303821467536,0.09691755099993316
synthetic,three_factor_blobs,1,0.25,3,1.0,1.0,0.0,1.0,1.0,0.11933333333333332,0.4496123438045873,0.7573100336617093,0.1002561670002251
synthetic,three_factor_blobs,2,0.25,3,1.0,1.0,0.0,1.0,1.0,0.11233333333333331,0.4543894104425856,0.7693261596703698,0.09508847300003254
synthetic,scale_trap,0,0.25,2,1.0,1.0,0.0,0.9650394086394253,0.983333135570158,0.075,0.7516156828047903,0.6574051570878764,0.056324711000343086
synthetic,scale_trap,1,0.25,2,1.0,1.0,0.0,1.0,1.0,0.08875000000000001,0.7691627068757448,0.6495579212414995,0.05616255999984787
synthetic,scale_trap,2,0.25,2,0.5,0.5,0.0,0.965190835386994,0.9833331514562258,0.09375,0.38411435900334123,0.9993766387067887,0.05675356499978079
synthetic,outlier_contamination,0,0.25,2,0.0,0.0,0.0,0.0018852073744996046,-0.00013717385245499056,0.07458333333333332,0.5170139515761852,0.9992131438667661,0.06188225100004274
synthetic,outlier_contamination,1,0.25,2,0.0,0.0,0.0,0.0010784206221230433,-0.00027205941126459666,0.08625000000000001,0.2491601743147141,0.998124289838085,0.061489527999583515
synthetic,outlier_contamination,2,0.25,2,0.0,0.0,0.0,0.01073306280125502,0.0005721356007888959,0.06791666666666665,0.3028568568005638,0.9297893445619136,0.061718384999949194
synthetic,null_independent,0,0.25,2,,,,0.0010406040772993385,-0.0024405107511419567,0.09333333333333332,0.35023276927621866,0.9931590863082134,0.06175752500030285
synthetic,null_independent,1,0.25,2,,,,0.004216545249044635,0.0014584915510430026,0.08416666666666668,0.33974309241630996,0.9945229862483711,0.06736302200033606
synthetic,null_independent,2,0.25,2,,,,0.010027467177551413,0.009523264892647362,0.08416666666666668,0.3430697733480479,0.9854770717336281,0.07227869100006501
synthetic,redundant_blocks,0,0.5,2,1.0,1.0,0.0,0.9652092580173347,0.9833330464130934,0.09000000000000001,0.7986569633860179,0.6282549543531615,0.06486742399965806
synthetic,redundant_blocks,1,0.5,2,1.0,1.0,0.0,1.0,1.0,0.10166666666666666,0.8436178820702755,0.6009814929734881,0.07410553800036723
synthetic,redundant_blocks,2,0.5,2,1.0,1.0,0.0,1.0,1.0,0.09791666666666667,0.7838242652863837,0.6369511642123454,0.06997675000002346
synthetic,nonlinear_moons,0,0.5,2,1.0,1.0,0.0,0.3805167210027967,0.4647353267611913,0.13500000000000004,0.4322076818522291,0.8958345858265983,0.09390236400031426
synthetic,nonlinear_moons,1,0.5,2,1.0,1.0,0.0,0.3696925920028102,0.4647047152194211,0.10958333333333335,0.4039719361922514,0.906962951868759,0.06733299999996234
synthetic,nonlinear_moons,2,0.5,2,1.0,1.0,0.0,0.5390203550813273,0.6120243067590482,0.13458333333333336,0.4403565050433061,0.8914609515813786,0.08069854799987297
synthetic,three_factor_blobs,0,0.5,3,1.0,1.0,0.0,1.0,1.0,0.10233333333333333,0.45718488906406574,0.7548303821467536,0.099744734000069
synthetic,three_factor_blobs,1,0.5,3,1.0,1.0,0.0,1.0,1.0,0.11933333333333332,0.4496123438045873,0.7573100336617093,0.11102642900004867
synthetic,three_factor_blobs,2,0.5,3,1.0,1.0,0.0,1.0,1.0,0.11233333333333331,0.4543894104425856,0.7693261596703698,0.10700611599986587
synthetic,scale_trap,0,0.5,2,1.0,1.0,0.0,0.9650394086394253,0.983333135570158,0.075,0.7516156828047903,0.6574051570878764,0.05741214099998615
synthetic,scale_trap,1,0.5,2,1.0,1.0,0.0,1.0,1.0,0.08875000000000001,0.7691627068757448,0.6495579212414995,0.08394222100014304
synthetic,scale_trap,2,0.5,2,0.5,0.5,0.0,0.965190835386994,0.9833331514562258,0.09375,0.38411435900334123,0.9993766387067887,0.057145250999838026
synthetic,outlier_contamination,0,0.5,2,0.0,0.0,0.0,0.005169392464003436,2.0933147377207464e-05,0.08208333333333334,0.5974444543360835,0.9415164611899417,0.06215940199990655
synthetic,outlier_contamination,1,0.5,2,0.0,0.0,0.0,0.0010784206221230433,-0.00027205941126459666,0.08625000000000001,0.2491601743147141,0.998124289838085,0.06483571699982349
synthetic,outlier_contamination,2,0.5,2,0.5,0.5,0.0,1.0,1.0,0.16833333333333336,0.18557948850790268,0.9895148885253938,0.06404815899986716
synthetic,null_independent,0,0.5,2,,,,0.0010406040772993385,-0.0024405107511419567,0.09333333333333332,0.35023276927621866,0.9931590863082134,0.06109311099999104
synthetic,null_independent,1,0.5,2,,,,0.004216545249044635,0.0014584915510430026,0.08416666666666668,0.33974309241630996,0.9945229862483711,0.06200672200020563
synthetic,null_independent,2,0.5,2,,,,0.010027467177551413,0.009523264892647362,0.08416666666666668,0.3430697733480479,0.9854770717336281,0.06117519000008542
synthetic,redundant_blocks,0,0.75,2,1.0,1.0,0.0,0.9652092580173347,0.9833330464130934,0.09000000000000001,0.7986569633860179,0.6282549543531615,0.06388610700014397
synthetic,redundant_blocks,1,0.75,2,1.0,1.0,0.0,1.0,1.0,0.10166666666666666,0.8436178820702755,0.6009814929734881,0.06297953600005712
synthetic,redundant_blocks,2,0.75,2,1.0,1.0,0.0,1.0,1.0,0.09791666666666667,0.7838242652863837,0.6369511642123454,0.06281175999993138
synthetic,nonlinear_moons,0,0.75,2,1.0,1.0,0.0,0.3805167210027967,0.4647353267611913,0.13500000000000004,0.4322076818522291,0.8958345858265983,0.06086320899976272
synthetic,nonlinear_moons,1,0.75,2,1.0,1.0,0.0,0.3696925920028102,0.4647047152194211,0.10958333333333335,0.4039719361922514,0.906962951868759,0.06160665799961862
synthetic,nonlinear_moons,2,0.75,2,1.0,1.0,0.0,0.5390203550813273,0.6120243067590482,0.13458333333333336,0.4403565050433061,0.8914609515813786,0.061812815999928716
synthetic,three_factor_blobs,0,0.75,3,1.0,1.0,0.0,1.0,1.0,0.10233333333333333,0.45718488906406574,0.7548303821467536,0.09504712600028142
synthetic,three_factor_blobs,1,0.75,3,1.0,1.0,0.0,1.0,1.0,0.11933333333333332,0.4496123438045873,0.7573100336617093,0.09386502600000313
synthetic,three_factor_blobs,2,0.75,3,1.0,1.0,0.0,1.0,1.0,0.11233333333333331,0.4543894104425856,0.7693261596703698,0.09381942899972273
synthetic,scale_trap,0,0.75,2,1.0,1.0,0.0,0.9650394086394253,0.983333135570158,0.075,0.7516156828047903,0.6574051570878764,0.057327257999986614
synthetic,scale_trap,1,0.75,2,1.0,1.0,0.0,1.0,1.0,0.08875000000000001,0.7691627068757448,0.6495579212414995,0.05643853299989132
synthetic,scale_trap,2,0.75,2,0.5,0.5,0.0,0.965190835386994,0.9833331514562258,0.09375,0.38411435900334123,0.9993766387067887,0.057370710000213876
synthetic,outlier_contamination,0,0.75,2,0.5,0.5,0.0,0.8102185835434996,0.8862602456056706,0.19375,0.24688691538294408,0.9859908595202969,0.06002391199990598
synthetic,outlier_contamination,1,0.75,2,0.0,0.0,0.0,0.0010784206221230433,-0.00027205941126459666,0.08625000000000001,0.2491601743147141,0.998124289838085,0.059942339999906835
synthetic,outlier_contamination,2,0.75,2,0.5,0.5,0.0,1.0,1.0,0.16833333333333336,0.18557948850790268,0.9895148885253938,0.06242841799985399
synthetic,null_independent,0,0.75,2,,,,0.0010406040772993385,-0.0024405107511419567,0.09333333333333332,0.35023276927621866,0.9931590863082134,0.06130594399974143
synthetic,null_independent,1,0.75,2,,,,0.004216545249044635,0.0014584915510430026,0.08416666666666668,0.33974309241630996,0.9945229862483711,0.060881960000187973
synthetic,null_independent,2,0.75,2,,,,0.010027467177551413,0.009523264892647362,0.08416666666666668,0.3430697733480479,0.9854770717336281,0.06034016600005998
synthetic,redundant_blocks,0,1.0,2,1.0,1.0,0.0,0.9652092580173347,0.9833330464130934,0.09000000000000001,0.7986569633860179,0.6282549543531615,0.05980465599986928
synthetic,redundant_blocks,1,1.0,2,1.0,1.0,0.0,1.0,1.0,0.10166666666666666,0.8436178820702755,0.6009814929734881,0.06517074299972592
synthetic,redundant_blocks,2,1.0,2,1.0,1.0,0.0,1.0,1.0,0.09791666666666667,0.7838242652863837,0.6369511642123454,0.06387273400014237
synthetic,nonlinear_moons,0,1.0,2,1.0,1.0,0.0,0.3805167210027967,0.4647353267611913,0.13500000000000004,0.4322076818522291,0.8958345858265983,0.06173493000005692
synthetic,nonlinear_moons,1,1.0,2,1.0,1.0,0.0,0.3696925920028102,0.4647047152194211,0.10958333333333335,0.4039719361922514,0.906962951868759,0.06182053900010942
synthetic,nonlinear_moons,2,1.0,2,1.0,1.0,0.0,0.5390203550813273,0.6120243067590482,0.13458333333333336,0.4403565050433061,0.8914609515813786,0.06109404800008633
synthetic,three_factor_blobs,0,1.0,3,1.0,1.0,0.0,1.0,1.0,0.10233333333333333,0.45718488906406574,0.7548303821467536,0.09646826800008057
synthetic,three_factor_blobs,1,1.0,3,1.0,1.0,0.0,1.0,1.0,0.11933333333333332,0.4496123438045873,0.7573100336617093,0.09919064599989724
synthetic,three_factor_blobs,2,1.0,3,1.0,1.0,0.0,1.0,1.0,0.11233333333333331,0.4543894104425856,0.7693261596703698,0.09876888899998448
synthetic,scale_trap,0,1.0,2,0.5,0.5,0.0,0.9650394086394253,0.983333135570158,0.09791666666666667,0.4050584649789985,0.9995609271125847,0.05584487599981003
synthetic,scale_trap,1,1.0,2,1.0,1.0,0.0,1.0,1.0,0.08875000000000001,0.7691627068757448,0.6495579212414995,0.057420860000092944
synthetic,scale_trap,2,1.0,2,0.5,0.5,0.0,0.965190835386994,0.9833331514562258,0.09375,0.38411435900334123,0.9993766387067887,0.05649982300019474
synthetic,outlier_contamination,0,1.0,2,0.5,0.5,0.0,0.8102185835434996,0.8862602456056706,0.19375,0.24688691538294408,0.9859908595202969,0.059807751000334974
synthetic,outlier_contamination,1,1.0,2,0.0,0.0,0.0,0.0010784206221230433,-0.00027205941126459666,0.08625000000000001,0.2491601743147141,0.998124289838085,0.06372880000026271
synthetic,outlier_contamination,2,1.0,2,0.5,0.5,0.0,1.0,1.0,0.16833333333333336,0.18557948850790268,0.9895148885253938,0.07575769200002469
synthetic,null_independent,0,1.0,2,,,,0.0010406040772993385,-0.0024405107511419567,0.09333333333333332,0.35023276927621866,0.9931590863082134,0.074848134000149
synthetic,null_independent,1,1.0,2,,,,0.004216545249044635,0.0014584915510430026,0.08416666666666668,0.33974309241630996,0.9945229862483711,0.08390162599971518
synthetic,null_independent,2,1.0,2,,,,0.010027467177551413,0.009523264892647362,0.08416666666666668,0.3430697733480479,0.9854770717336281,0.0654468990001078
real_dev,iris,0,0.0,2,,,,0.8641855068202222,0.8856970310281228,0.3253333333333333,0.9338857678033545,0.5484069960314609,0.015683188999901176
real_dev,wine,0,0.0,2,,,,0.4272472769475571,0.3863434106341561,0.2157303370786517,0.7856634469810054,0.6405354522636652,0.0655180339999788
real_dev,wine,0,0.0,3,,,,0.48814996564595475,0.4476302382296691,0.25505617977528094,0.7019652254049354,0.547391823123678,0.0655180339999788
real_dev,wine,0,0.0,5,,,,0.675447326266325,0.6750558552823356,0.39101123595505616,0.5204516061817556,0.6176128702720971,0.0655180339999788
real_dev,wine,0,0.0,6,,,,0.72079738838922,0.7188090556890101,0.4528089887640449,0.48537883210594507,0.6337330861042224,0.0655180339999788
real_dev,wine,0,0.0,10,,,,0.7964267409521739,0.8203343864950065,0.6539325842696628,0.43922621339294543,0.555379248356224,0.0655180339999788
real_dev,breast_cancer,0,0.0,2,,,,0.5644026085210485,0.682599369828191,0.10246045694200351,0.7532684946164176,0.6432494113096962,0.3419023709998328
real_dev,breast_cancer,0,0.0,3,,,,0.5203041586446984,0.6360206851059367,0.13233743409490337,0.7411440264916447,0.4778576599094597,0.3419023709998328
real_dev,breast_cancer,0,0.0,5,,,,0.5702041483706131,0.6885237003455799,0.25202108963093145,0.5653490258699386,0.4527179460547366,0.3419023709998328
real_dev,breast_cancer,0,0.0,8,,,,0.5908321806837237,0.7062673917012852,0.2991212653778559,0.5982931674185296,0.2968854624085573,0.3419023709998328
real_dev,breast_cancer,0,0.0,10,,,,0.5105466105118031,0.6306412733580821,0.36485061511423555,0.5149812592730791,0.3130187413975353,0.3419023709998328
real_dev,breast_cancer,0,0.0,15,,,,0.5391061534692583,0.6593299672708544,0.4333919156414763,0.4633610066605194,0.2514365495074053,0.3419023709998328
real_dev,breast_cancer,0,0.0,20,,,,0.5475910301670582,0.6527617850282107,0.4460456942003515,0.4676852863107035,0.18730043738051405,0.3419023709998328
real_dev,iris,0,0.25,2,,,,0.8641855068202222,0.8856970310281228,0.3253333333333333,0.9338857678033545,0.5484069960314609,0.016324676999829535
real_dev,wine,0,0.25,2,,,,0.4343048107385824,0.39438473824037784,0.2662921348314607,0.5197366364883342,0.8584687600383328,0.05610261699985131
real_dev,wine,0,0.25,3,,,,0.40316325998782093,0.3051621472971036,0.298876404494382,0.5812524404964861,0.6855651129886836,0.05610261699985131
real_dev,wine,0,0.25,5,,,,0.675447326266325,0.6750558552823356,0.39101123595505616,0.5204516061817557,0.617612870272097,0.05610261699985131
real_dev,wine,0,0.25,6,,,,0.72079738838922,0.7188090556890101,0.4528089887640449,0.4853788321059451,0.6337330861042221,0.05610261699985131
real_dev,wine,0,0.25,10,,,,0.7964267409521739,0.8203343864950065,0.6539325842696628,0.4392262133929455,0.5553792483562241,0.05610261699985131
real_dev,breast_cancer,0,0.25,2,,,,0.5644026085210485,0.682599369828191,0.10246045694200351,0.7532684946164176,0.6432494113096962,0.2875558680002541
real_dev,breast_cancer,0,0.25,3,,,,0.4734215057480953,0.5982882903120328,0.13884007029876977,0.5691421514991077,0.5979382301117332,0.2875558680002541
real_dev,breast_cancer,0,0.25,5,,,,0.518271436084745,0.6424867824911407,0.29261862917398945,0.45163478717498445,0.5499384123892147,0.2875558680002541
real_dev,breast_cancer,0,0.25,8,,,,0.4566704929932681,0.5815968875488123,0.3572934973637962,0.4173902657868633,0.4566547442403051,0.2875558680002541
real_dev,breast_cancer,0,0.25,10,,,,0.372961677181692,0.4931336098053659,0.36854130052724077,0.4513708642135258,0.3638154899847657,0.2875558680002541
real_dev,breast_cancer,0,0.25,15,,,,0.4924361264089873,0.6138743785014766,0.4249560632688928,0.4398731832575969,0.2674640961315128,0.2875558680002541
real_dev,breast_cancer,0,0.25,20,,,,0.48960785498248843,0.6080202236847067,0.48822495606326893,0.39153008902641856,0.23673951162167914,0.2875558680002541
real_dev,iris,0,0.5,2,,,,0.8641855068202222,0.8856970310281228,0.3253333333333333,0.9338857678033545,0.5484069960314609,0.018114704999788955
real_dev,wine,0,0.5,2,,,,0.4343048107385824,0.39438473824037784,0.2662921348314607,0.5197366364883342,0.8584687600383328,0.05778327400003036
real_dev,wine,0,0.5,3,,,,0.5316989830514847,0.5589031563982287,0.3398876404494382,0.4364941395272581,0.8833052830214457,0.05778327400003036
real_dev,wine,0,0.5,5,,,,0.675447326266325,0.6750558552823356,0.39101123595505616,0.5204516061817557,0.617612870272097,0.05778327400003036
real_dev,wine,0,0.5,6,,,,0.72079738838922,0.7188090556890101,0.4528089887640449,0.4853788321059451,0.6337330861042222,0.05778327400003036
real_dev,wine,0,0.5,10,,,,0.7964267409521739,0.8203343864950065,0.6539325842696628,0.43922621339294543,0.5553792483562241,0.05778327400003036
real_dev,breast_cancer,0,0.5,2,,,,0.38096160736060297,0.48035884336618356,0.11757469244288225,0.4198995949259764,0.8232894907006727,0.3073149810002178
real_dev,breast_cancer,0,0.5,3,,,,0.4734215057480953,0.5982882903120328,0.13884007029876977,0.5691421514991077,0.5979382301117332,0.3073149810002178
real_dev,breast_cancer,0,0.5,5,,,,0.518271436084745,0.6424867824911407,0.29261862917398945,0.45163478717498445,0.5499384123892149,0.3073149810002178
real_dev,breast_cancer,0,0.5,8,,,,0.4566704929932681,0.5815968875488123,0.3572934973637962,0.4173902657868633,0.456654744240305,0.3073149810002178
real_dev,breast_cancer,0,0.5,10,,,,0.4571895827911301,0.5812625722619928,0.39472759226713533,0.4135467633870651,0.3871891172277357,0.3073149810002178
real_dev,breast_cancer,0,0.5,15,,,,0.4081218553997444,0.5276622448112661,0.4583479789103691,0.39554880785584534,0.31077033696204104,0.3073149810002178
real_dev,breast_cancer,0,0.5,20,,,,0.45888026736243764,0.5809039256008347,0.6551845342706503,0.378098763360032,0.27517854260393987,0.3073149810002178
real_dev,iris,0,0.75,2,,,,0.8641855068202222,0.8856970310281228,0.3253333333333333,0.9338857678033545,0.5484069960314609,0.014915005000148085
real_dev,wine,0,0.75,2,,,,0.4343048107385824,0.39438473824037784,0.2662921348314607,0.5197366364883342,0.8584687600383328,0.06672594299971024
real_dev,wine,0,0.75,3,,,,0.5316989830514847,0.5589031563982287,0.3398876404494382,0.4364941395272581,0.8833052830214457,0.06672594299971024
real_dev,wine,0,0.75,5,,,,0.675447326266325,0.6750558552823356,0.39101123595505616,0.5204516061817557,0.617612870272097,0.06672594299971024
real_dev,wine,0,0.75,6,,,,0.72079738838922,0.7188090556890101,0.4528089887640449,0.4853788321059451,0.6337330861042222,0.06672594299971024
real_dev,wine,0,0.75,10,,,,0.7964267409521739,0.8203343864950065,0.6539325842696628,0.43922621339294543,0.5553792483562241,0.06672594299971024
real_dev,breast_cancer,0,0.75,2,,,,0.38096160736060297,0.48035884336618356,0.11757469244288225,0.4198995949259764,0.8232894907006727,0.31782782799973575
real_dev,breast_cancer,0,0.75,3,,,,0.3411969950532635,0.45065287408128973,0.18857644991212655,0.35209987478014915,0.792466106150736,0.31782782799973575
real_dev,breast_cancer,0,0.75,5,,,,0.473902247117766,0.5983811793872296,0.3186291739894552,0.3755066123192855,0.669470307907429,0.31782782799973575
real_dev,breast_cancer,0,0.75,8,,,,0.4679824995809007,0.5921437196676841,0.37961335676625657,0.3597681860020868,0.501763208548355,0.31782782799973575
real_dev,breast_cancer,0,0.75,10,,,,0.47325044230824753,0.5976768058233711,0.43093145869947275,0.3638611621514387,0.46341649849751876,0.31782782799973575
real_dev,breast_cancer,0,0.75,15,,,,0.3683874108219835,0.4875250421794262,0.6022847100175747,0.3692541732293788,0.3855242122185928,0.31782782799973575
real_dev,breast_cancer,0,0.75,20,,,,0.464760458092251,0.5862753557237874,0.6818980667838312,0.37807063684482817,0.2917268114676086,0.31782782799973575
real_dev,iris,0,1.0,2,,,,0.5839740901216056,0.5634459557571242,0.4813333333333333,0.8246483937702506,0.6344591631179968,0.019970908999766834
real_dev,wine,0,1.0,2,,,,0.4343048107385824,0.39438473824037784,0.2662921348314607,0.5197366364883342,0.8584687600383328,0.05769288100009362
real_dev,wine,0,1.0,3,,,,0.5316989830514847,0.5589031563982287,0.3398876404494382,0.4364941395272581,0.8833052830214457,0.05769288100009362
real_dev,wine,0,1.0,5,,,,0.7363344530431548,0.7468316475537807,0.4376404494382023,0.4579558788701017,0.7392437789468187,0.05769288100009362
real_dev,wine,0,1.0,6,,,,0.7551942378478822,0.7740093435879329,0.5028089887640449,0.4502535981430941,0.7083554330030255,0.05769288100009362
real_dev,wine,0,1.0,10,,,,0.8211582277863079,0.8470825705864858,0.6713483146067415,0.4199536034647003,0.584362520270372,0.05769288100009362
real_dev,breast_cancer,0,1.0,2,,,,0.40604887104214743,0.5245064903314192,0.12882249560632691,0.1423249657818275,0.9769317180338312,0.30586746200015114
real_dev,breast_cancer,0,1.0,3,,,,0.30165365230446034,0.4044746086870333,0.17750439367311074,0.26034156199989705,0.883800121190145,0.30586746200015114
real_dev,breast_cancer,0,1.0,5,,,,0.46950427572541537,0.593049945926186,0.3036906854130053,0.35537956584208363,0.6737305736735797,0.30586746200015114
real_dev,breast_cancer,0,1.0,8,,,,0.4679824995809007,0.5921437196676841,0.37961335676625657,0.3597681860020869,0.5017632085483549,0.30586746200015114
real_dev,breast_cancer,0,1.0,10,,,,0.47325044230824753,0.5976768058233711,0.43093145869947275,0.3638611621514387,0.46341649849751876,0.30586746200015114
real_dev,breast_cancer,0,1.0,15,,,,0.3683874108219835,0.4875250421794262,0.6022847100175747,0.3692541732293788,0.3855242122185926,0.30586746200015114
real_dev,breast_cancer,0,1.0,20,,,,0.4097586765885679,0.527365354812989,0.709841827768014,0.37455881292942145,0.30942256526500095,0.30586746200015114
