scenario,seed,method,n_samples,n_features,k,selected,group_coverage,relevant_precision,redundancy_rate,ari,nmi,silhouette,fit_seconds,error
redundant_blocks,0,GSR-FS,240,24,2,"3,2",1.0,1.0,0.0,0.9833330464130934,0.9652092580173347,0.7652655734079417,0.06426053599989245,
redundant_blocks,0,MaxVariance,240,24,2,"2,0",0.5,1.0,0.5,1.0,1.0,0.8325826347893827,0.00010300600024493178,
redundant_blocks,0,LaplacianScore,240,24,2,"0,2",0.5,1.0,0.5,1.0,1.0,0.8325826347893827,0.0029207429997768486,
redundant_blocks,0,SPEC,240,24,2,"23,8",0.0,0.0,0.0,0.0002801068140650968,0.0032279229779681408,0.32244115874613777,0.012534409999716445,
redundant_blocks,0,MCFS,240,24,2,"2,4",0.5,0.5,0.0,1.0,1.0,0.4762855135593432,0.05075278599997546,
redundant_blocks,1,GSR-FS,240,24,2,"2,3",1.0,1.0,0.0,1.0,1.0,0.7965592003420843,0.06420277699999133,
redundant_blocks,1,MaxVariance,240,24,2,"0,2",0.5,1.0,0.5,1.0,1.0,0.8555369929020408,9.907799994834932e-05,
redundant_blocks,1,LaplacianScore,240,24,2,"2,0",0.5,1.0,0.5,1.0,1.0,0.8555369929020408,0.003261449000092398,
redundant_blocks,1,SPEC,240,24,2,"7,6",0.0,0.0,0.0,-0.003056633501590173,0.0008092862673123336,0.31351646066988076,0.009154071999546431,
redundant_blocks,1,MCFS,240,24,2,"2,3",1.0,1.0,0.0,1.0,1.0,0.7965592003420843,0.03211966900016705,
redundant_blocks,2,GSR-FS,240,24,2,"1,2",1.0,1.0,0.0,1.0,1.0,0.7606413973922102,0.06784260599943082,
redundant_blocks,2,MaxVariance,240,24,2,"2,0",0.5,1.0,0.5,1.0,1.0,0.8360838638555089,0.00010503900011826772,
redundant_blocks,2,LaplacianScore,240,24,2,"0,2",0.5,1.0,0.5,1.0,1.0,0.8360838638555089,0.0035239499993622303,
redundant_blocks,2,SPEC,240,24,2,"5,23",0.0,0.0,0.0,-0.004066026244192068,5.1178524116037724e-05,0.3374697767026908,0.022770472000047448,
redundant_blocks,2,MCFS,240,24,2,"0,1",1.0,1.0,0.0,1.0,1.0,0.7610591228249501,0.034980825999809895,
nonlinear_moons,0,GSR-FS,240,24,2,"1,2",1.0,1.0,0.0,0.4647353267611913,0.3805167210027967,0.502838628718068,0.07004695599971456,
nonlinear_moons,0,MaxVariance,240,24,2,"10,21",0.0,0.0,0.0,-0.0040261865507280545,5.18531907091327e-05,0.33048438025217997,9.970599967346061e-05,
nonlinear_moons,0,LaplacianScore,240,24,2,"3,1",0.5,1.0,0.5,0.4762785834339127,0.4067302529845113,0.6665603808529218,0.002979715000037686,
nonlinear_moons,0,SPEC,240,24,2,"12,2",0.5,0.5,0.0,0.16364522419996494,0.15035443166706802,0.3900597186106275,0.009655259999817645,
nonlinear_moons,0,MCFS,240,24,2,"3,2",1.0,1.0,0.0,0.49964271135541805,0.4007462540409657,0.4923870839411523,0.020721042999866768,
nonlinear_moons,1,GSR-FS,240,24,2,"1,0",1.0,1.0,0.0,0.4647047152194211,0.3696925920028102,0.49524796062690857,0.06242078200011747,
nonlinear_moons,1,MaxVariance,240,24,2,"9,10",0.0,0.0,0.0,-0.0016724711023136823,0.001815103784438985,0.3241028936291277,0.0001146810000136611,
nonlinear_moons,1,LaplacianScore,240,24,2,"3,2",1.0,1.0,0.0,0.4092645864657486,0.32179250186079983,0.49553064438677147,0.0038553509994017077,
nonlinear_moons,1,SPEC,240,24,2,"15,6",0.0,0.0,0.0,0.0002801068140650968,0.0032279229779681408,0.319359296838455,0.013683689000572485,
nonlinear_moons,1,MCFS,240,24,2,"2,1",1.0,1.0,0.0,0.45334552581385246,0.362261617659736,0.5021264924584747,0.028436620999855222,
nonlinear_moons,2,GSR-FS,240,24,2,"3,0",1.0,1.0,0.0,0.6120243067590482,0.5390203550813273,0.5452199433450493,0.07837432699943747,
nonlinear_moons,2,MaxVariance,240,24,2,"14,12",0.0,0.0,0.0,-0.0007773052542508881,0.0024618046905994376,0.3130980712449235,0.0001455629999327357,
nonlinear_moons,2,LaplacianScore,240,24,2,"3,2",1.0,1.0,0.0,0.4200742062625977,0.3311640390908318,0.5149464277769155,0.00288051700044889,
nonlinear_moons,2,SPEC,240,24,2,"9,13",0.0,0.0,0.0,-0.004129307550254449,5.0136790924645584e-05,0.31935761987774725,0.073229557000559,
nonlinear_moons,2,MCFS,240,24,2,"3,2",1.0,1.0,0.0,0.4200742062625977,0.3311640390908318,0.5149464277769155,0.02372530499997083,
three_factor_blobs,0,GSR-FS,300,36,3,"2,0,4",1.0,1.0,0.0,1.0,1.0,0.728607737492751,0.10201556599986361,
three_factor_blobs,0,MaxVariance,300,36,3,"3,0,4",0.6666666666666666,1.0,0.3333333333333333,0.9899831669528851,0.9829929733076641,0.7123412346317131,0.00015575699944747612,
three_factor_blobs,0,LaplacianScore,300,36,3,"0,1,3",0.6666666666666666,1.0,0.3333333333333333,1.0,1.0,0.7127480839975683,0.004510525000114285,
three_factor_blobs,0,SPEC,300,36,3,"17,12,27",0.0,0.0,0.0,-0.0022902578780691946,0.004284542495354795,0.23799610883194608,0.01676729299924773,
three_factor_blobs,0,MCFS,300,36,3,"0,5,4",1.0,1.0,0.0,1.0,1.0,0.7270567111043849,0.029772681999929773,
three_factor_blobs,1,GSR-FS,300,36,3,"0,1,2",1.0,1.0,0.0,1.0,1.0,0.7313336756799993,0.09665390199916146,
three_factor_blobs,1,MaxVariance,300,36,3,"3,0,1",0.6666666666666666,1.0,0.3333333333333333,0.9899831669528851,0.9829929733076641,0.7293136168242703,0.00012597400018421467,
three_factor_blobs,1,LaplacianScore,300,36,3,"0,3,4",0.6666666666666666,1.0,0.3333333333333333,0.9899831669528851,0.9829929733076641,0.73041997198198,0.004204851999929815,
three_factor_blobs,1,SPEC,300,36,3,"18,13,22",0.0,0.0,0.0,-0.0014159675397009046,0.0048055905186942275,0.2361762439306623,0.015470391000235395,
three_factor_blobs,1,MCFS,300,36,3,"0,2,1",1.0,1.0,0.0,1.0,1.0,0.7313336756799993,0.02559967300021526,
three_factor_blobs,2,GSR-FS,300,36,3,"3,4,5",1.0,1.0,0.0,1.0,1.0,0.7213909996480886,0.0967749579995143,
three_factor_blobs,2,MaxVariance,300,36,3,"3,0,1",0.6666666666666666,1.0,0.3333333333333333,0.9702555619013858,0.9589753057921956,0.7357618502537557,0.00011877599990839371,
three_factor_blobs,2,LaplacianScore,300,36,3,"0,3,4",0.6666666666666666,1.0,0.3333333333333333,0.9702555619013858,0.9589753057921956,0.7356022870496876,0.0040726960005486035,
three_factor_blobs,2,SPEC,300,36,3,"11,13,21",0.0,0.0,0.0,0.004910690912494586,0.010228792209821041,0.23163303683030795,0.030177198999808752,
three_factor_blobs,2,MCFS,300,36,3,"5,0,4",1.0,1.0,0.0,1.0,1.0,0.721643524411247,0.03091430099993886,
scale_trap,0,GSR-FS,240,22,2,"0,1",1.0,1.0,0.0,0.983333135570158,0.9650394086394253,0.7252359039196371,0.056829111999832094,
scale_trap,0,MaxVariance,240,22,2,"18,19",0.0,0.0,0.0,-0.001663240455357087,0.0015600345621022565,0.3223555500940029,8.989700017991709e-05,
scale_trap,0,LaplacianScore,240,22,2,"0,1",1.0,1.0,0.0,0.983333135570158,0.9650394086394253,0.7252359039196371,0.0029787390003548353,
scale_trap,0,SPEC,240,22,2,"0,1",1.0,1.0,0.0,0.983333135570158,0.9650394086394253,0.7252359039196371,0.010712622000028205,
scale_trap,0,MCFS,240,22,2,"0,1",1.0,1.0,0.0,0.983333135570158,0.9650394086394253,0.7252359039196371,0.01718719600012264,
scale_trap,1,GSR-FS,240,22,2,"1,0",1.0,1.0,0.0,1.0,1.0,0.7350278170868855,0.07326405599997088,
scale_trap,1,MaxVariance,240,22,2,"17,10",0.0,0.0,0.0,-0.0007700829738192797,0.002551565480902314,0.32463360786342504,8.891200013749767e-05,
scale_trap,1,LaplacianScore,240,22,2,"0,1",1.0,1.0,0.0,1.0,1.0,0.7350278170868855,0.0028919329997734167,
scale_trap,1,SPEC,240,22,2,"0,1",1.0,1.0,0.0,1.0,1.0,0.7350278170868855,0.01380360799976188,
scale_trap,1,MCFS,240,22,2,"0,1",1.0,1.0,0.0,1.0,1.0,0.7350278170868855,0.01700007599993114,
scale_trap,2,GSR-FS,240,22,2,"0,19",0.5,0.5,0.0,0.9833331514562258,0.965190835386994,0.44232363587994394,0.07318377699994016,
scale_trap,2,MaxVariance,240,22,2,"8,19",0.0,0.0,0.0,0.005852635343213541,0.007019414058421855,0.3220331560503496,9.623400001146365e-05,
scale_trap,2,LaplacianScore,240,22,2,"0,1",1.0,1.0,0.0,0.9833332085161378,0.9651785392397948,0.7191234793958426,0.002729679999902146,
scale_trap,2,SPEC,240,22,2,"0,1",1.0,1.0,0.0,0.9833332085161378,0.9651785392397948,0.7191234793958426,0.012770567000188748,
scale_trap,2,MCFS,240,22,2,"0,1",1.0,1.0,0.0,0.9833332085161378,0.9651785392397948,0.7191234793958426,0.01763188800032367,
outlier_contamination,0,GSR-FS,240,24,2,"13,6",0.0,0.0,0.0,2.0933147377207464e-05,0.005169392464003436,0.8327797849087216,0.06176717600010306,
outlier_contamination,0,MaxVariance,240,24,2,"19,17",0.0,0.0,0.0,-0.0002616473784095561,0.0025943727819740816,0.8630509494476245,0.0001012740003716317,
outlier_contamination,0,LaplacianScore,240,24,2,"2,0",0.5,1.0,0.5,1.0,1.0,0.8325826347893827,0.003997910000180127,
outlier_contamination,0,SPEC,240,24,2,"23,1",0.5,0.5,0.0,0.8705697122202238,0.7906072166019364,0.5711137123967601,0.011781041999711306,
outlier_contamination,0,MCFS,240,24,2,"2,3",1.0,1.0,0.0,0.9833330464130934,0.9652092580173347,0.7652655734079417,0.02702258299996174,
outlier_contamination,1,GSR-FS,240,24,2,"20,9",0.0,0.0,0.0,-0.00027205941126459666,0.0010784206221230433,0.8208171789362131,0.06182898600036424,
outlier_contamination,1,MaxVariance,240,24,2,"23,11",0.0,0.0,0.0,-0.0004081162817467377,1.9187760044298464e-15,0.8592361311355202,9.867699918686412e-05,
outlier_contamination,1,LaplacianScore,240,24,2,"2,0",0.5,1.0,0.5,1.0,1.0,0.8555369929020408,0.003008317999956489,
outlier_contamination,1,SPEC,240,24,2,"3,7",0.5,0.5,0.0,0.9668055555555556,0.9304703530051928,0.6071504826883415,0.01616801000000123,
outlier_contamination,1,MCFS,240,24,2,"2,3",1.0,1.0,0.0,1.0,1.0,0.7965592003420843,0.07405075299993769,
outlier_contamination,2,GSR-FS,240,24,2,"20,0",0.5,0.5,0.0,1.0,1.0,0.6335044484578616,0.07336190799924225,
outlier_contamination,2,MaxVariance,240,24,2,"4,21",0.0,0.0,0.0,0.00015116415293277353,0.006903768565288188,0.8407699244358261,0.00010333200043532997,
outlier_contamination,2,LaplacianScore,240,24,2,"0,2",0.5,1.0,0.5,1.0,1.0,0.8360838638555089,0.004224858999805292,
outlier_contamination,2,SPEC,240,24,2,"3,1",0.5,1.0,0.5,0.9504175564841397,0.904061927920652,0.7128461161233136,0.011978561999967496,
outlier_contamination,2,MCFS,240,24,2,"3,0",1.0,1.0,0.0,1.0,1.0,0.7600325118032772,0.020935903999998118,
null_independent,0,GSR-FS,240,24,2,"16,1",,,,-0.0024405107511419567,0.0010406040772993385,0.3495256747002172,0.06127689200002351,
null_independent,0,MaxVariance,240,24,2,"20,12",,,,-0.003542313262500684,0.00019735231354584703,0.31748240200672095,0.00013465899974107742,
null_independent,0,LaplacianScore,240,24,2,"12,6",,,,-0.002443084672366951,0.001381020946941293,0.33644517167561383,0.00310285199975624,
null_independent,0,SPEC,240,24,2,"21,18",,,,-0.00355627062397801,0.0006086690904661319,0.308428739854893,0.01046126799974445,
null_independent,0,MCFS,240,24,2,"6,12",,,,-0.002443084672366951,0.001381020946941293,0.33644517167561383,0.022965889999795763,
null_independent,1,GSR-FS,240,24,2,"10,14",,,,0.0014584915510430026,0.004216545249044635,0.32443165430786425,0.07143692299996474,
null_independent,1,MaxVariance,240,24,2,"6,20",,,,-0.0024546479815490863,0.0012292490333755883,0.31434740563873187,0.00010693999956856715,
null_independent,1,LaplacianScore,240,24,2,"23,22",,,,-0.0016882975520159643,0.0017907812632779326,0.31264201681135023,0.004528987999947276,
null_independent,1,SPEC,240,24,2,"12,17",,,,0.00028414679014133624,0.0030558209929295683,0.32014992766206174,0.010502357999939704,
null_independent,1,MCFS,240,24,2,"23,22",,,,-0.0016882975520159643,0.0017907812632779326,0.31264201681135023,0.020977748000404972,
null_independent,2,GSR-FS,240,24,2,"6,21",,,,0.009523264892647362,0.010027467177551413,0.35657976852111267,0.07020589599960658,
null_independent,2,MaxVariance,240,24,2,"4,23",,,,-0.003780978643305509,0.00020991382957607962,0.3228760493330981,0.00010783800007629907,
null_independent,2,LaplacianScore,240,24,2,"5,8",,,,-0.0030812181082254518,0.0008028600775003683,0.34920405426428347,0.006427969000469602,
null_independent,2,SPEC,240,24,2,"17,1",,,,0.0002801068140650968,0.0032279229779681408,0.3320634046961262,0.012684382000770711,
null_independent,2,MCFS,240,24,2,"5,3",,,,0.0014472451426105442,0.004061777494246556,0.37319852795664643,0.03743376799957332,
