seed,threshold,assigned_unselected,assignment_rate,max_unselected_similarity
0,0.8,0,0.0,0.23226043636854898
0,0.85,0,0.0,0.23226043636854898
0,0.9,0,0.0,0.23226043636854898
1,0.8,0,0.0,0.23690100059003671
1,0.85,0,0.0,0.23690100059003671
1,0.9,0,0.0,0.23690100059003671
2,0.8,0,0.0,0.26045871818858424
2,0.85,0,0.0,0.26045871818858424
2,0.9,0,0.0,0.26045871818858424
3,0.8,0,0.0,0.2350246470228896
3,0.85,0,0.0,0.2350246470228896
3,0.9,0,0.0,0.2350246470228896
4,0.8,0,0.0,0.27647579924408416
4,0.85,0,0.0,0.27647579924408416
4,0.9,0,0.0,0.27647579924408416
5,0.8,0,0.0,0.2474390857713078
5,0.85,0,0.0,0.2474390857713078
5,0.9,0,0.0,0.2474390857713078
6,0.8,0,0.0,0.24144353021061193
6,0.85,0,0.0,0.24144353021061193
6,0.9,0,0.0,0.24144353021061193
7,0.8,0,0.0,0.2409600100340089
7,0.85,0,0.0,0.2409600100340089
7,0.9,0,0.0,0.2409600100340089
8,0.8,0,0.0,0.22722697686756643
8,0.85,0,0.0,0.22722697686756643
8,0.9,0,0.0,0.22722697686756643
9,0.8,0,0.0,0.25839569316832434
9,0.85,0,0.0,0.25839569316832434
9,0.9,0,0.0,0.25839569316832434
10,0.8,0,0.0,0.24936815833625803
10,0.85,0,0.0,0.24936815833625803
10,0.9,0,0.0,0.24936815833625803
11,0.8,0,0.0,0.2565285784849082
11,0.85,0,0.0,0.2565285784849082
11,0.9,0,0.0,0.2565285784849082
12,0.8,0,0.0,0.23855968206597022
12,0.85,0,0.0,0.23855968206597022
12,0.9,0,0.0,0.23855968206597022
13,0.8,0,0.0,0.2430204760845277
13,0.85,0,0.0,0.2430204760845277
13,0.9,0,0.0,0.2430204760845277
14,0.8,0,0.0,0.26677904387769824
14,0.85,0,0.0,0.26677904387769824
14,0.9,0,0.0,0.26677904387769824
15,0.8,0,0.0,0.2732935142770814
15,0.85,0,0.0,0.2732935142770814
15,0.9,0,0.0,0.2732935142770814
16,0.8,0,0.0,0.2544762144428123
16,0.85,0,0.0,0.2544762144428123
16,0.9,0,0.0,0.2544762144428123
17,0.8,0,0.0,0.227857359169936
17,0.85,0,0.0,0.227857359169936
17,0.9,0,0.0,0.227857359169936
18,0.8,0,0.0,0.26739768653250073
18,0.85,0,0.0,0.26739768653250073
18,0.9,0,0.0,0.26739768653250073
19,0.8,0,0.0,0.23316615875306812
19,0.85,0,0.0,0.23316615875306812
19,0.9,0,0.0,0.23316615875306812
20,0.8,0,0.0,0.24521829891371505
20,0.85,0,0.0,0.24521829891371505
20,0.9,0,0.0,0.24521829891371505
21,0.8,0,0.0,0.2748470683189894
21,0.85,0,0.0,0.2748470683189894
21,0.9,0,0.0,0.2748470683189894
22,0.8,0,0.0,0.2644766894096059
22,0.85,0,0.0,0.2644766894096059
22,0.9,0,0.0,0.2644766894096059
23,0.8,0,0.0,0.2587107815250014
23,0.85,0,0.0,0.2587107815250014
23,0.9,0,0.0,0.2587107815250014
24,0.8,0,0.0,0.24652284455794038
24,0.85,0,0.0,0.24652284455794038
24,0.9,0,0.0,0.24652284455794038
25,0.8,0,0.0,0.2515303105063551
25,0.85,0,0.0,0.2515303105063551
25,0.9,0,0.0,0.2515303105063551
26,0.8,0,0.0,0.24797362150501123
26,0.85,0,0.0,0.24797362150501123
26,0.9,0,0.0,0.24797362150501123
27,0.8,0,0.0,0.2518177591660178
27,0.85,0,0.0,0.2518177591660178
27,0.9,0,0.0,0.2518177591660178
28,0.8,0,0.0,0.2733188311542847
28,0.85,0,0.0,0.2733188311542847
28,0.9,0,0.0,0.2733188311542847
29,0.8,0,0.0,0.2702568305086618
29,0.85,0,0.0,0.2702568305086618
29,0.9,0,0.0,0.2702568305086618
30,0.8,0,0.0,0.2361400933329929
30,0.85,0,0.0,0.2361400933329929
30,0.9,0,0.0,0.2361400933329929
31,0.8,0,0.0,0.23206817446853611
31,0.85,0,0.0,0.23206817446853611
31,0.9,0,0.0,0.23206817446853611
32,0.8,0,0.0,0.2502488616555679
32,0.85,0,0.0,0.2502488616555679
32,0.9,0,0.0,0.2502488616555679
33,0.8,0,0.0,0.24226571226952764
33,0.85,0,0.0,0.24226571226952764
33,0.9,0,0.0,0.24226571226952764
34,0.8,0,0.0,0.23877186416969387
34,0.85,0,0.0,0.23877186416969387
34,0.9,0,0.0,0.23877186416969387
35,0.8,0,0.0,0.2662800069238862
35,0.85,0,0.0,0.2662800069238862
35,0.9,0,0.0,0.2662800069238862
36,0.8,0,0.0,0.27322733369943675
36,0.85,0,0.0,0.27322733369943675
36,0.9,0,0.0,0.27322733369943675
37,0.8,0,0.0,0.29262820754028895
37,0.85,0,0.0,0.29262820754028895
37,0.9,0,0.0,0.29262820754028895
38,0.8,0,0.0,0.25255597507661864
38,0.85,0,0.0,0.25255597507661864
38,0.9,0,0.0,0.25255597507661864
39,0.8,0,0.0,0.2528920551036069
39,0.85,0,0.0,0.2528920551036069
39,0.9,0,0.0,0.2528920551036069
40,0.8,0,0.0,0.2548200050567053
40,0.85,0,0.0,0.2548200050567053
40,0.9,0,0.0,0.2548200050567053
41,0.8,0,0.0,0.2448433549548995
41,0.85,0,0.0,0.2448433549548995
41,0.9,0,0.0,0.2448433549548995
42,0.8,0,0.0,0.27308416179365924
42,0.85,0,0.0,0.27308416179365924
42,0.9,0,0.0,0.27308416179365924
43,0.8,0,0.0,0.25383521617215654
43,0.85,0,0.0,0.25383521617215654
43,0.9,0,0.0,0.25383521617215654
44,0.8,0,0.0,0.2409822421911556
44,0.85,0,0.0,0.2409822421911556
44,0.9,0,0.0,0.2409822421911556
45,0.8,0,0.0,0.24321311854302696
45,0.85,0,0.0,0.24321311854302696
45,0.9,0,0.0,0.24321311854302696
46,0.8,0,0.0,0.25740310070963457
46,0.85,0,0.0,0.25740310070963457
46,0.9,0,0.0,0.25740310070963457
47,0.8,0,0.0,0.2765502005601209
47,0.85,0,0.0,0.2765502005601209
47,0.9,0,0.0,0.2765502005601209
48,0.8,0,0.0,0.2572902053843179
48,0.85,0,0.0,0.2572902053843179
48,0.9,0,0.0,0.2572902053843179
49,0.8,0,0.0,0.23739076818989924
49,0.85,0,0.0,0.23739076818989924
49,0.9,0,0.0,0.23739076818989924
