repeat,selected_indices,selected_names
0,"2,3,0","flipper_length_mm,body_mass_g,bill_length_mm"
1,"2,3,0","flipper_length_mm,body_mass_g,bill_length_mm"
2,"3,0,2","body_mass_g,bill_length_mm,flipper_length_mm"
3,"2,3,0","flipper_length_mm,body_mass_g,bill_length_mm"
4,"2,3,1","flipper_length_mm,body_mass_g,bill_depth_mm"
5,"2,0,3","flipper_length_mm,bill_length_mm,body_mass_g"
6,"2,0,3","flipper_length_mm,bill_length_mm,body_mass_g"
7,"2,3,0","flipper_length_mm,body_mass_g,bill_length_mm"
8,"2,0,3","flipper_length_mm,bill_length_mm,body_mass_g"
9,"2,0,3","flipper_length_mm,bill_length_mm,body_mass_g"
10,"0,2,3","bill_length_mm,flipper_length_mm,body_mass_g"
11,"2,3,1","flipper_length_mm,body_mass_g,bill_depth_mm"
