dataset,GSR-FS,LaplacianScore-scikit-feature,MCFS-scikit-feature-k5,MaxVariance,SPEC-scikit-feature
anes96,5.0,2.5,4.0,2.5,1.0
autos_symbol,2.0,4.0,3.0,5.0,1.0
birthwt_low,2.0,5.0,4.0,1.0,3.0
bmt_status,4.0,4.0,4.0,2.0,1.0
breast_cancer,2.0,4.0,1.0,3.0,5.0
cattaneo_smoking,2.0,1.0,4.0,5.0,3.0
ccard_ownrent,1.0,2.0,5.0,3.0,4.0
constrict_diagnosis,1.5,1.5,4.0,3.0,5.0
diamonds_cut,2.0,5.0,4.0,3.0,1.0
epil_treatment,5.0,2.5,2.5,1.0,4.0
fair_affair_any,4.0,5.0,3.0,2.0,1.0
framing_congress_message,2.0,5.0,4.0,1.0,3.0
gapminder_year,1.0,5.0,3.0,4.0,2.0
heart_censor,3.0,3.0,3.0,3.0,3.0
iris,1.5,1.5,3.0,4.0,5.0
midwest_state,4.0,5.0,3.0,2.0,1.0
modechoice,3.0,1.0,2.0,4.0,5.0
mpg_class,1.0,5.0,3.0,2.0,4.0
msleep_vore,4.0,1.0,2.0,3.0,5.0
mtcars_transmission,3.0,5.0,4.0,2.0,1.0
ologit_apply,5.0,2.5,4.0,2.5,1.0
openml3_kr_vs_kp,3.0,5.0,2.0,4.0,1.0
openml40675_glass2,5.0,4.0,3.0,1.0,2.0
openml62_zoo,2.0,3.0,1.0,5.0,4.0
penguins_species,2.0,5.0,4.0,3.0,1.0
ships_type,3.0,5.0,2.0,4.0,1.0
spector,3.0,4.0,2.0,5.0,1.0
titanic_survived,2.0,1.0,3.0,4.0,5.0
wine,5.0,1.0,3.0,2.0,4.0
