dataset,fold,method,k,balanced_accuracy,macro_f1,selected
Fair_affairs,0,GSR-base,3,0.6028653571664406,0.5884808979116137,2;1;3
Fair_affairs,0,GSR-PBGE,3,0.5832065993122331,0.5759947493997748,2;6;3
Fair_affairs,1,GSR-base,3,0.5752496970288494,0.5734918006623309,3;2;7
Fair_affairs,1,GSR-PBGE,3,0.5752496970288494,0.5734918006623309,3;2;7
Fair_affairs,2,GSR-base,3,0.6359466120098578,0.6204086500238511,2;7;1
Fair_affairs,2,GSR-PBGE,3,0.6136528153950012,0.6061976689603477,2;7;3
CCard_ownrent,0,GSR-base,2,0.6777777777777778,0.6812144212523719,2;3
CCard_ownrent,0,GSR-PBGE,2,0.6777777777777778,0.6812144212523719,2;0
CCard_ownrent,1,GSR-base,2,0.5666666666666667,0.5636363636363637,3;1
CCard_ownrent,1,GSR-PBGE,2,0.6444444444444444,0.6444444444444444,3;2
CCard_ownrent,2,GSR-base,2,0.8,0.8125,3;0
CCard_ownrent,2,GSR-PBGE,2,0.8,0.8125,3;0
Heart_censor,0,GSR-base,1,0.45416666666666666,0.45238095238095233,1
Heart_censor,0,GSR-PBGE,1,0.45416666666666666,0.45238095238095233,1
Heart_censor,1,GSR-base,1,0.9375,0.9505376344086022,0
Heart_censor,1,GSR-PBGE,1,0.6208333333333333,0.6247086247086246,1
Heart_censor,2,GSR-base,1,0.525,0.5174825174825175,0
Heart_censor,2,GSR-PBGE,1,0.525,0.5174825174825175,0
