scenario,method,weight,coverage,redundancy
partition_redundant,GSR-PBGE,0.2,1.0,0.0
partition_redundant,GSR-PBGE,0.35,1.0,0.0
partition_redundant,GSR-PBGE,0.5,1.0,0.0
partition_redundant,GSR-PBGE,0.7,0.8333333333333334,0.0
partition_redundant,GSR-base,0.0,1.0,0.0
partition_vs_continuum,GSR-PBGE,0.2,0.6666666666666666,0.0
partition_vs_continuum,GSR-PBGE,0.35,0.6666666666666666,0.0
partition_vs_continuum,GSR-PBGE,0.5,0.5833333333333334,0.0
partition_vs_continuum,GSR-PBGE,0.7,0.6666666666666666,0.0
partition_vs_continuum,GSR-base,0.0,0.5833333333333334,0.08333333333333333
smooth_structure,GSR-PBGE,0.2,1.0,0.0
smooth_structure,GSR-PBGE,0.35,0.8333333333333334,0.0
smooth_structure,GSR-PBGE,0.5,0.5,0.0
smooth_structure,GSR-PBGE,0.7,0.5,0.0
smooth_structure,GSR-base,0.0,1.0,0.0
three_partitions,GSR-PBGE,0.2,0.5,0.0
three_partitions,GSR-PBGE,0.35,0.75,0.0
three_partitions,GSR-PBGE,0.5,0.6666666666666666,0.0
three_partitions,GSR-PBGE,0.7,0.6666666666666666,0.0
three_partitions,GSR-base,0.0,0.5,0.0
