seed,scenario,method,weight,coverage,redundancy
0,partition_vs_continuum,GSR-base,0.0,0.5,0.0
0,partition_vs_continuum,GSR-PBGE,0.2,0.5,0.0
0,partition_vs_continuum,GSR-PBGE,0.35,0.5,0.0
0,partition_vs_continuum,GSR-PBGE,0.5,0.5,0.0
0,partition_vs_continuum,GSR-PBGE,0.7,1.0,0.0
0,partition_redundant,GSR-base,0.0,1.0,0.0
0,partition_redundant,GSR-PBGE,0.2,1.0,0.0
0,partition_redundant,GSR-PBGE,0.35,1.0,0.0
0,partition_redundant,GSR-PBGE,0.5,1.0,0.0
0,partition_redundant,GSR-PBGE,0.7,0.5,0.0
0,smooth_structure,GSR-base,0.0,1.0,0.0
0,smooth_structure,GSR-PBGE,0.2,1.0,0.0
0,smooth_structure,GSR-PBGE,0.35,0.0,0.0
0,smooth_structure,GSR-PBGE,0.5,0.0,0.0
0,smooth_structure,GSR-PBGE,0.7,0.0,0.0
0,three_partitions,GSR-base,0.0,0.5,0.0
0,three_partitions,GSR-PBGE,0.2,0.5,0.0
0,three_partitions,GSR-PBGE,0.35,0.5,0.0
0,three_partitions,GSR-PBGE,0.5,0.0,0.0
0,three_partitions,GSR-PBGE,0.7,0.0,0.0
1,partition_vs_continuum,GSR-base,0.0,1.0,0.0
1,partition_vs_continuum,GSR-PBGE,0.2,1.0,0.0
1,partition_vs_continuum,GSR-PBGE,0.35,1.0,0.0
1,partition_vs_continuum,GSR-PBGE,0.5,1.0,0.0
1,partition_vs_continuum,GSR-PBGE,0.7,0.5,0.0
1,partition_redundant,GSR-base,0.0,1.0,0.0
1,partition_redundant,GSR-PBGE,0.2,1.0,0.0
1,partition_redundant,GSR-PBGE,0.35,1.0,0.0
1,partition_redundant,GSR-PBGE,0.5,1.0,0.0
1,partition_redundant,GSR-PBGE,0.7,0.5,0.0
1,smooth_structure,GSR-base,0.0,1.0,0.0
1,smooth_structure,GSR-PBGE,0.2,1.0,0.0
1,smooth_structure,GSR-PBGE,0.35,1.0,0.0
1,smooth_structure,GSR-PBGE,0.5,0.0,0.0
1,smooth_structure,GSR-PBGE,0.7,0.0,0.0
1,three_partitions,GSR-base,0.0,0.5,0.0
1,three_partitions,GSR-PBGE,0.2,0.5,0.0
1,three_partitions,GSR-PBGE,0.35,1.0,0.0
1,three_partitions,GSR-PBGE,0.5,1.0,0.0
1,three_partitions,GSR-PBGE,0.7,1.0,0.0
2,partition_vs_continuum,GSR-base,0.0,0.5,0.0
2,partition_vs_continuum,GSR-PBGE,0.2,0.5,0.0
2,partition_vs_continuum,GSR-PBGE,0.35,0.5,0.0
2,partition_vs_continuum,GSR-PBGE,0.5,0.5,0.0
2,partition_vs_continuum,GSR-PBGE,0.7,1.0,0.0
2,partition_redundant,GSR-base,0.0,1.0,0.0
2,partition_redundant,GSR-PBGE,0.2,1.0,0.0
2,partition_redundant,GSR-PBGE,0.35,1.0,0.0
2,partition_redundant,GSR-PBGE,0.5,1.0,0.0
2,partition_redundant,GSR-PBGE,0.7,1.0,0.0
2,smooth_structure,GSR-base,0.0,1.0,0.0
2,smooth_structure,GSR-PBGE,0.2,1.0,0.0
2,smooth_structure,GSR-PBGE,0.35,1.0,0.0
2,smooth_structure,GSR-PBGE,0.5,1.0,0.0
2,smooth_structure,GSR-PBGE,0.7,1.0,0.0
2,three_partitions,GSR-base,0.0,0.5,0.0
2,three_partitions,GSR-PBGE,0.2,0.5,0.0
2,three_partitions,GSR-PBGE,0.35,0.5,0.0
2,three_partitions,GSR-PBGE,0.5,0.5,0.0
2,three_partitions,GSR-PBGE,0.7,0.5,0.0
3,partition_vs_continuum,GSR-base,0.0,0.5,0.0
3,partition_vs_continuum,GSR-PBGE,0.2,0.5,0.0
3,partition_vs_continuum,GSR-PBGE,0.35,0.5,0.0
3,partition_vs_continuum,GSR-PBGE,0.5,0.5,0.0
3,partition_vs_continuum,GSR-PBGE,0.7,0.5,0.0
3,partition_redundant,GSR-base,0.0,1.0,0.0
3,partition_redundant,GSR-PBGE,0.2,1.0,0.0
3,partition_redundant,GSR-PBGE,0.35,1.0,0.0
3,partition_redundant,GSR-PBGE,0.5,1.0,0.0
3,partition_redundant,GSR-PBGE,0.7,1.0,0.0
3,smooth_structure,GSR-base,0.0,1.0,0.0
3,smooth_structure,GSR-PBGE,0.2,1.0,0.0
3,smooth_structure,GSR-PBGE,0.35,1.0,0.0
3,smooth_structure,GSR-PBGE,0.5,1.0,0.0
3,smooth_structure,GSR-PBGE,0.7,1.0,0.0
3,three_partitions,GSR-base,0.0,0.5,0.0
3,three_partitions,GSR-PBGE,0.2,0.5,0.0
3,three_partitions,GSR-PBGE,0.35,1.0,0.0
3,three_partitions,GSR-PBGE,0.5,1.0,0.0
3,three_partitions,GSR-PBGE,0.7,1.0,0.0
4,partition_vs_continuum,GSR-base,0.0,0.5,0.0
4,partition_vs_continuum,GSR-PBGE,0.2,0.5,0.0
4,partition_vs_continuum,GSR-PBGE,0.35,0.5,0.0
4,partition_vs_continuum,GSR-PBGE,0.5,0.5,0.0
4,partition_vs_continuum,GSR-PBGE,0.7,0.5,0.0
4,partition_redundant,GSR-base,0.0,1.0,0.0
4,partition_redundant,GSR-PBGE,0.2,1.0,0.0
4,partition_redundant,GSR-PBGE,0.35,1.0,0.0
4,partition_redundant,GSR-PBGE,0.5,1.0,0.0
4,partition_redundant,GSR-PBGE,0.7,1.0,0.0
4,smooth_structure,GSR-base,0.0,1.0,0.0
4,smooth_structure,GSR-PBGE,0.2,1.0,0.0
4,smooth_structure,GSR-PBGE,0.35,1.0,0.0
4,smooth_structure,GSR-PBGE,0.5,0.0,0.0
4,smooth_structure,GSR-PBGE,0.7,0.0,0.0
4,three_partitions,GSR-base,0.0,0.5,0.0
4,three_partitions,GSR-PBGE,0.2,0.5,0.0
4,three_partitions,GSR-PBGE,0.35,0.5,0.0
4,three_partitions,GSR-PBGE,0.5,0.5,0.0
4,three_partitions,GSR-PBGE,0.7,0.5,0.0
5,partition_vs_continuum,GSR-base,0.0,0.5,0.5
5,partition_vs_continuum,GSR-PBGE,0.2,1.0,0.0
5,partition_vs_continuum,GSR-PBGE,0.35,1.0,0.0
5,partition_vs_continuum,GSR-PBGE,0.5,0.5,0.0
5,partition_vs_continuum,GSR-PBGE,0.7,0.5,0.0
5,partition_redundant,GSR-base,0.0,1.0,0.0
5,partition_redundant,GSR-PBGE,0.2,1.0,0.0
5,partition_redundant,GSR-PBGE,0.35,1.0,0.0
5,partition_redundant,GSR-PBGE,0.5,1.0,0.0
5,partition_redundant,GSR-PBGE,0.7,1.0,0.0
5,smooth_structure,GSR-base,0.0,1.0,0.0
5,smooth_structure,GSR-PBGE,0.2,1.0,0.0
5,smooth_structure,GSR-PBGE,0.35,1.0,0.0
5,smooth_structure,GSR-PBGE,0.5,1.0,0.0
5,smooth_structure,GSR-PBGE,0.7,1.0,0.0
5,three_partitions,GSR-base,0.0,0.5,0.0
5,three_partitions,GSR-PBGE,0.2,0.5,0.0
5,three_partitions,GSR-PBGE,0.35,1.0,0.0
5,three_partitions,GSR-PBGE,0.5,1.0,0.0
5,three_partitions,GSR-PBGE,0.7,1.0,0.0
